<?xml version="1.0" encoding="UTF-8"?>
<BG:bagMUT_Lk03 xmlns:BG="http://www.egem.nl/StUF/sector/bg/0310"
    xmlns:StUF="http://www.egem.nl/StUF/StUF0301" xmlns:gml="http://www.opengis.net/gml"
    xmlns:xsi="http://www.w3.org/2001/XMLSchema-instance"
    xsi:schemaLocation="http://www.egem.nl/StUF/sector/bg/0310 ../../bg0310/bag/bg0310_msg_bag.xsd">
    <BG:stuurgegevens>
        <StUF:berichtcode>Lk03</StUF:berichtcode>
        <StUF:zender>
            <StUF:organisatie>5700</StUF:organisatie>
            <StUF:applicatie>BAG</StUF:applicatie>
        </StUF:zender>
        <StUF:ontvanger>
            <StUF:organisatie>BasisGem</StUF:organisatie>
            <StUF:applicatie>CMG</StUF:applicatie>
        </StUF:ontvanger>
        <StUF:referentienummer>00kvQBE5XCEz</StUF:referentienummer>
        <StUF:tijdstipBericht>20140103143803646</StUF:tijdstipBericht>
        <StUF:functie>bagMUT</StUF:functie>
    </BG:stuurgegevens>
    <BG:vboLk01>
        <BG:stuurgegevens>
            <StUF:berichtcode>Lk01</StUF:berichtcode>
            <StUF:zender>
                <StUF:organisatie>5700</StUF:organisatie>
                <StUF:applicatie>BAG</StUF:applicatie>
            </StUF:zender>
            <StUF:ontvanger>
                <StUF:organisatie>BasisGem</StUF:organisatie>
                <StUF:applicatie>CMG</StUF:applicatie>
            </StUF:ontvanger>
            <StUF:referentienummer>00kvQBE5Pz7D</StUF:referentienummer>
            <StUF:tijdstipBericht>20140103143803474</StUF:tijdstipBericht>
            <StUF:entiteittype>TGO</StUF:entiteittype>
        </BG:stuurgegevens>
        <BG:parameters>
            <StUF:mutatiesoort>W</StUF:mutatiesoort>
            <StUF:indicatorOvername>V</StUF:indicatorOvername>
        </BG:parameters>
        <BG:object StUF:verwerkingssoort="W" StUF:entiteittype="TGO"
            StUF:sleutelVerzendend="5700010000323277">
            <BG:identificatie>5700010000323277</BG:identificatie>
            <BG:authentiek StUF:metagegeven="true">J</BG:authentiek>
            <BG:typering>Verblijfsobject</BG:typering>
            <BG:adresAanduidingGrp>
                <BG:num.identificatie>5700200000013514</BG:num.identificatie>
                <BG:authentiek StUF:metagegeven="true">J</BG:authentiek>
                <BG:wpl.woonplaatsNaam>Het Dorp</BG:wpl.woonplaatsNaam>
                <BG:gor.openbareRuimteNaam>BAG BG straat</BG:gor.openbareRuimteNaam>
                <BG:aoa.postcode>5700BB</BG:aoa.postcode>
                <BG:aoa.huisnummer>4</BG:aoa.huisnummer>
                <BG:aoa.huisletter StUF:noValue="geenWaarde" xsi:nil="true"/>
                <BG:aoa.huisnummertoevoeging StUF:noValue="geenWaarde" xsi:nil="true"/>
                <BG:ogo.locatieAanduiding StUF:noValue="geenWaarde" xsi:nil="true"/>
            </BG:adresAanduidingGrp>
            <BG:brondocument groepsnaam="BGR-gegevens" StUF:metagegeven="true">
                <BG:identificatie>gereed201401031239</BG:identificatie>
                <BG:datum>20140101</BG:datum>
            </BG:brondocument>
            <StUF:tijdvakGeldigheid>
                <StUF:beginGeldigheid>20140101</StUF:beginGeldigheid>
                <StUF:eindGeldigheid>20140102</StUF:eindGeldigheid>
            </StUF:tijdvakGeldigheid>
            <StUF:extraElementen>
                <StUF:extraElement StUF:noValue="geenWaarde" naam="codeGebeurtenis"/>
                <StUF:extraElement naam="begindatumTijdvakGeldigheidBAG">20140101</StUF:extraElement>
                <StUF:extraElement naam="einddatumTijdvakGeldigheidBAG">20140102</StUF:extraElement>
            </StUF:extraElementen>
            <BG:vbo.maaktDeelUitVan StUF:entiteittype="VBOPND" StUF:verwerkingssoort="E">
                <BG:gerelateerde StUF:sleutelVerzendend="5700100000011196" StUF:verwerkingssoort="I"
                    StUF:entiteittype="PND">
                    <BG:identificatie>5700100000011196</BG:identificatie>
                    <BG:authentiek StUF:metagegeven="true">J</BG:authentiek>
                </BG:gerelateerde>
                <BG:brondocument groepsnaam="BGR-gegevens" StUF:metagegeven="true">
                    <BG:identificatie>vborel_4_ontkoppel</BG:identificatie>
                    <BG:datum>20140102</BG:datum>
                </BG:brondocument>
                <StUF:tijdvakRelatie>
                    <StUF:beginRelatie>20140101</StUF:beginRelatie>
                    <StUF:eindRelatie>20140102</StUF:eindRelatie>
                </StUF:tijdvakRelatie>
                <StUF:tijdvakGeldigheid>
                    <StUF:beginGeldigheid>20140102</StUF:beginGeldigheid>
                    <StUF:eindGeldigheid StUF:noValue="geenWaarde" xsi:nil="true"/>
                </StUF:tijdvakGeldigheid>
                <StUF:tijdstipRegistratie>20140103143700</StUF:tijdstipRegistratie>
            </BG:vbo.maaktDeelUitVan>
            <BG:vbo.maaktDeelUitVan StUF:entiteittype="VBOPND" StUF:verwerkingssoort="E">
                <BG:gerelateerde StUF:sleutelVerzendend="5700100000011204" StUF:verwerkingssoort="I"
                    StUF:entiteittype="PND">
                    <BG:identificatie>5700100000011204</BG:identificatie>
                    <BG:authentiek StUF:metagegeven="true">J</BG:authentiek>
                </BG:gerelateerde>
                <BG:brondocument groepsnaam="BGR-gegevens" StUF:metagegeven="true">
                    <BG:identificatie>vborel_4_ontkoppel</BG:identificatie>
                    <BG:datum>20140102</BG:datum>
                </BG:brondocument>
                <StUF:tijdvakRelatie>
                    <StUF:beginRelatie>20140101</StUF:beginRelatie>
                    <StUF:eindRelatie>20140102</StUF:eindRelatie>
                </StUF:tijdvakRelatie>
                <StUF:tijdvakGeldigheid>
                    <StUF:beginGeldigheid>20140102</StUF:beginGeldigheid>
                    <StUF:eindGeldigheid StUF:noValue="geenWaarde" xsi:nil="true"/>
                </StUF:tijdvakGeldigheid>
                <StUF:tijdstipRegistratie>20140103143700</StUF:tijdstipRegistratie>
            </BG:vbo.maaktDeelUitVan>
            <BG:vbo.maaktDeelUitVan StUF:entiteittype="VBOPND" StUF:verwerkingssoort="E">
                <BG:gerelateerde StUF:sleutelVerzendend="5700100000011196" StUF:verwerkingssoort="I"
                    StUF:entiteittype="PND">
                    <BG:identificatie>5700100000011196</BG:identificatie>
                    <BG:authentiek StUF:metagegeven="true">J</BG:authentiek>
                </BG:gerelateerde>
                <BG:brondocument groepsnaam="BGR-gegevens" StUF:metagegeven="true">
                    <BG:identificatie>vborel_4_ontkoppel</BG:identificatie>
                    <BG:datum>20140102</BG:datum>
                </BG:brondocument>
                <StUF:tijdvakRelatie>
                    <StUF:beginRelatie>20140101</StUF:beginRelatie>
                    <StUF:eindRelatie>20140102</StUF:eindRelatie>
                </StUF:tijdvakRelatie>
                <StUF:tijdvakGeldigheid>
                    <StUF:beginGeldigheid>20140102</StUF:beginGeldigheid>
                    <StUF:eindGeldigheid StUF:noValue="geenWaarde" xsi:nil="true"/>
                </StUF:tijdvakGeldigheid>
                <StUF:tijdstipRegistratie>20140103143700</StUF:tijdstipRegistratie>
            </BG:vbo.maaktDeelUitVan>
            <BG:vbo.maaktDeelUitVan xsi:nil="true" StUF:noValue="geenWaarde"
                StUF:entiteittype="VBOPND" StUF:verwerkingssoort="T"/>
        </BG:object>
        <BG:object StUF:verwerkingssoort="W" StUF:entiteittype="TGO"
            StUF:sleutelVerzendend="5700010000323277">
            <BG:identificatie>5700010000323277</BG:identificatie>
            <BG:authentiek StUF:metagegeven="true">J</BG:authentiek>
            <BG:typering>Verblijfsobject</BG:typering>
            <BG:adresAanduidingGrp>
                <BG:num.identificatie>5700200000013514</BG:num.identificatie>
                <BG:authentiek StUF:metagegeven="true">J</BG:authentiek>
                <BG:wpl.woonplaatsNaam>Het Dorp</BG:wpl.woonplaatsNaam>
                <BG:gor.openbareRuimteNaam>BAG BG straat</BG:gor.openbareRuimteNaam>
                <BG:aoa.postcode>5700BB</BG:aoa.postcode>
                <BG:aoa.huisnummer>4</BG:aoa.huisnummer>
                <BG:aoa.huisletter StUF:noValue="geenWaarde" xsi:nil="true"/>
                <BG:aoa.huisnummertoevoeging StUF:noValue="geenWaarde" xsi:nil="true"/>
                <BG:ogo.locatieAanduiding StUF:noValue="geenWaarde" xsi:nil="true"/>
            </BG:adresAanduidingGrp>
            <BG:brondocument groepsnaam="BGR-gegevens" StUF:metagegeven="true">
                <BG:identificatie>vborel_4_ontkoppel</BG:identificatie>
                <BG:datum>20140102</BG:datum>
            </BG:brondocument>
            <StUF:tijdvakGeldigheid>
                <StUF:beginGeldigheid>20140102</StUF:beginGeldigheid>
                <StUF:eindGeldigheid StUF:noValue="geenWaarde" xsi:nil="true"/>
            </StUF:tijdvakGeldigheid>
            <StUF:tijdstipRegistratie>20140103143700</StUF:tijdstipRegistratie>
            <StUF:extraElementen>
                <StUF:extraElement naam="codeGebeurtenis">BAG-MUT</StUF:extraElement>
                <StUF:extraElement naam="begindatumTijdvakGeldigheidBAG">20140102</StUF:extraElement>
                <StUF:extraElement StUF:noValue="geenWaarde" naam="einddatumTijdvakGeldigheidBAG"/>
            </StUF:extraElementen>
            <BG:vbo.maaktDeelUitVan xsi:nil="true" StUF:noValue="geenWaarde"
                StUF:entiteittype="VBOPND" StUF:verwerkingssoort="E"/>
            <BG:vbo.maaktDeelUitVan xsi:nil="true" StUF:noValue="geenWaarde"
                StUF:entiteittype="VBOPND" StUF:verwerkingssoort="E"/>
            <BG:vbo.maaktDeelUitVan xsi:nil="true" StUF:noValue="geenWaarde"
                StUF:entiteittype="VBOPND" StUF:verwerkingssoort="E"/>
            <BG:vbo.maaktDeelUitVan StUF:entiteittype="VBOPND" StUF:verwerkingssoort="T">
                <BG:gerelateerde StUF:sleutelVerzendend="5700100000011196" StUF:verwerkingssoort="I"
                    StUF:entiteittype="PND">
                    <BG:identificatie>5700100000011196</BG:identificatie>
                    <BG:authentiek StUF:metagegeven="true">J</BG:authentiek>
                </BG:gerelateerde>
                <BG:brondocument groepsnaam="BGR-gegevens" StUF:metagegeven="true">
                    <BG:identificatie>vborel_4_ontkoppel</BG:identificatie>
                    <BG:datum>20140102</BG:datum>
                </BG:brondocument>
                <StUF:tijdvakRelatie>
                    <StUF:beginRelatie>20140102</StUF:beginRelatie>
                    <StUF:eindRelatie StUF:noValue="geenWaarde" xsi:nil="true"/>
                </StUF:tijdvakRelatie>
                <StUF:tijdvakGeldigheid>
                    <StUF:beginGeldigheid>20140102</StUF:beginGeldigheid>
                    <StUF:eindGeldigheid StUF:noValue="geenWaarde" xsi:nil="true"/>
                </StUF:tijdvakGeldigheid>
                <StUF:tijdstipRegistratie>20140103143700</StUF:tijdstipRegistratie>
            </BG:vbo.maaktDeelUitVan>
        </BG:object>
    </BG:vboLk01>
</BG:bagMUT_Lk03>
