<?xml version="1.0" encoding="utf-8"?>
<s:Envelope xmlns:s="http://schemas.xmlsoap.org/soap/envelope/">
	<s:Body xmlns:xsi="http://www.w3.org/2001/XMLSchema-instance" xmlns:xsd="http://www.w3.org/2001/XMLSchema">
		<zakLk01 xmlns="http://www.egem.nl/StUF/sector/zkn/0310">
			<stuurgegevens>
				<berichtcode xmlns="http://www.egem.nl/StUF/StUF0301">Lk01</berichtcode>
				<zender xmlns="http://www.egem.nl/StUF/StUF0301">
					<organisatie />
					<applicatie>SQT</applicatie>
				</zender>
				<ontvanger xmlns="http://www.egem.nl/StUF/StUF0301">
					<organisatie />
					<applicatie>DIFFERS</applicatie>
				</ontvanger>
				<referentienummer xmlns="http://www.egem.nl/StUF/StUF0301">20140922121336376</referentienummer>
				<tijdstipBericht xmlns="http://www.egem.nl/StUF/StUF0301">20140922121336376</tijdstipBericht>
				<entiteittype xmlns="http://www.egem.nl/StUF/StUF0301">ZAK</entiteittype>
			</stuurgegevens>
			<parameters>
				<mutatiesoort xmlns="http://www.egem.nl/StUF/StUF0301">T</mutatiesoort>
				<indicatorOvername xmlns="http://www.egem.nl/StUF/StUF0301">I</indicatorOvername>
			</parameters>
			<object p6:entiteittype="ZAK" p6:sleutelVerzendend="1840737" p6:sleutelGegevensbeheer="Z-HZ_WABO-2014-000017" p6:verwerkingssoort="T" xmlns:p6="http://www.egem.nl/StUF/StUF0301">
				<identificatie>Z-HZ_WABO-2014-000017</identificatie>
				<omschrijving>instantietest LT11b 2</omschrijving>
				<toelichting xsi:nil="true" p6:noValue="geenWaarde" />
				<kenmerk>
					<kenmerk>Z-HZ_WABO-2014-000017</kenmerk>
					<bron>SquitXO</bron>
				</kenmerk>
				<startdatum>20130612</startdatum>
				<einddatumGepland>20130813</einddatumGepland>
				<zaakniveau>1</zaakniveau>
				<isVan p6:verwerkingssoort="T" p6:entiteittype="ZAKZKT">
					<gerelateerde xsi:type="ZKT-kerngegevensKennisgeving" p6:entiteittype="ZKT" p6:sleutelVerzendend="1826009" p6:verwerkingssoort="I">
						<omschrijving>WABO</omschrijving>
						<code>IZIS_TEST</code>
						<ingangsdatumObject xsi:nil="true" p6:noValue="geenWaarde" />
					</gerelateerde>
				</isVan>
				<heeftAlsOverigBetrokkene p6:entiteittype="ZAKBTROVR" p6:verwerkingssoort="T">
					<gerelateerde xsi:type="BTR-kerngegevensKennisgeving">
						<nietNatuurlijkPersoon xmlns:q10="http://www.egem.nl/StUF/sector/bg/0310" p6:entiteittype="NNP" p6:sleutelVerzendend="1832648" p6:verwerkingssoort="I">
							<q10:statutaireNaam>demo13</q10:statutaireNaam>
							<q10:bezoekadres>
								<q10:aoa.identificatie xsi:nil="true" p6:noValue="geenWaarde" />
								<q10:authentiek p6:metagegeven="true">N</q10:authentiek>
								<q10:wpl.woonplaatsNaam>DEN HELDER</q10:wpl.woonplaatsNaam>
								<q10:gor.openbareRuimteNaam>Johannes Brinkostraat</q10:gor.openbareRuimteNaam>
								<q10:aoa.postcode>1785LB</q10:aoa.postcode>
								<q10:aoa.huisnummer>2</q10:aoa.huisnummer>
							</q10:bezoekadres>
						</nietNatuurlijkPersoon>
					</gerelateerde>
					<code>AANNEMER</code>
					<omschrijving>De aannemer die betrokken is bij de vergunning</omschrijving>
					<p6:extraElementen>
						<p6:extraElement naam="gerelateerde.handelsregisternummer">08051986</p6:extraElement>
					</p6:extraElementen>
				</heeftAlsOverigBetrokkene>
			</object>
		</zakLk01>
	</s:Body>
</s:Envelope>
