<?xml version="1.0" encoding="UTF-8"?>
<!--Sample XML file generated by XMLSpy v2015 rel. 4 sp1 (http://www.altova.com)-->
<ZKN:zakLk01 xmlns="http://www.egem.nl/StUF/sector/bg/0310" xmlns:gml="http://www.opengis.net/gml" xmlns:StUF="http://www.egem.nl/StUF/StUF0301" xmlns:BG="http://www.egem.nl/StUF/sector/bg/0310" xmlns:ZKN="http://www.egem.nl/StUF/sector/zkn/0310" xmlns:xsi="http://www.w3.org/2001/XMLSchema-instance" xsi:schemaLocation="http://www.egem.nl/StUF/sector/zkn/0310 zkn0310\mutatie\zkn0310_msg_mutatie.xsd">
	<ZKN:stuurgegevens>
		<StUF:berichtcode>Lk01</StUF:berichtcode>
		<StUF:zender>
			<StUF:organisatie>a</StUF:organisatie>
			<StUF:applicatie>aaa</StUF:applicatie>
			<StUF:administratie>a</StUF:administratie>
			<StUF:gebruiker>a</StUF:gebruiker>
		</StUF:zender>
		<StUF:ontvanger>
			<StUF:organisatie>a</StUF:organisatie>
			<StUF:applicatie>aaa</StUF:applicatie>
			<StUF:administratie>a</StUF:administratie>
			<StUF:gebruiker>a</StUF:gebruiker>
		</StUF:ontvanger>
		<StUF:referentienummer>a</StUF:referentienummer>
		<StUF:tijdstipBericht>00000000</StUF:tijdstipBericht>
		<StUF:entiteittype>ZAK</StUF:entiteittype>
	</ZKN:stuurgegevens>
	<ZKN:parameters>
		<StUF:mutatiesoort>W</StUF:mutatiesoort>
		<StUF:indicatorOvername>I</StUF:indicatorOvername>
	</ZKN:parameters>
	<ZKN:object ZKN:entiteittype="ZAK" StUF:verwerkingssoort="W">
		<ZKN:identificatie>aaaaa</ZKN:identificatie>
		<ZKN:omschrijving>a</ZKN:omschrijving>
		<ZKN:toelichting>a</ZKN:toelichting>
		<ZKN:kenmerk>
			<ZKN:kenmerk>a</ZKN:kenmerk>
			<ZKN:bron>a</ZKN:bron>
		</ZKN:kenmerk>
		<ZKN:anderZaakObject>
			<ZKN:omschrijving>a</ZKN:omschrijving>
			<ZKN:aanduiding>a</ZKN:aanduiding>
			<ZKN:lokatie>
				<gml:Tin>
					<gml:metaDataProperty>
						<auto-generated_for_wildcard xmlns=""/>
					</gml:metaDataProperty>
					<gml:metaDataProperty>
						<auto-generated_for_wildcard xmlns=""/>
					</gml:metaDataProperty>
					<gml:description>String</gml:description>
					<gml:name>String</gml:name>
					<gml:name>String</gml:name>
					<gml:trianglePatches>
						<gml:Triangle>
							<gml:exterior>
								<gml:Ring>
									<gml:metaDataProperty>
										<auto-generated_for_wildcard xmlns=""/>
									</gml:metaDataProperty>
									<gml:metaDataProperty>
										<auto-generated_for_wildcard xmlns=""/>
									</gml:metaDataProperty>
									<gml:description>String</gml:description>
									<gml:name>String</gml:name>
									<gml:name>String</gml:name>
									<gml:curveMember>
										<gml:Curve>
											<gml:metaDataProperty>
												<auto-generated_for_wildcard xmlns=""/>
											</gml:metaDataProperty>
											<gml:metaDataProperty>
												<auto-generated_for_wildcard xmlns=""/>
											</gml:metaDataProperty>
											<gml:description>String</gml:description>
											<gml:name>String</gml:name>
											<gml:name>String</gml:name>
											<gml:segments>
												<gml:ArcStringByBulge>
													<gml:pos>3.14159265358979</gml:pos>
													<gml:pos>3.14159265358979</gml:pos>
													<gml:bulge>3.14159265358979</gml:bulge>
													<gml:bulge>3.14159265358979</gml:bulge>
													<gml:normal>3.14159265358979</gml:normal>
													<gml:normal>3.14159265358979</gml:normal>
												</gml:ArcStringByBulge>
												<gml:ArcStringByBulge>
													<gml:pos>3.14159265358979</gml:pos>
													<gml:pos>3.14159265358979</gml:pos>
													<gml:bulge>3.14159265358979</gml:bulge>
													<gml:bulge>3.14159265358979</gml:bulge>
													<gml:normal>3.14159265358979</gml:normal>
													<gml:normal>3.14159265358979</gml:normal>
												</gml:ArcStringByBulge>
											</gml:segments>
										</gml:Curve>
									</gml:curveMember>
									<gml:curveMember>
										<gml:Curve>
											<gml:metaDataProperty>
												<auto-generated_for_wildcard xmlns=""/>
											</gml:metaDataProperty>
											<gml:metaDataProperty>
												<auto-generated_for_wildcard xmlns=""/>
											</gml:metaDataProperty>
											<gml:description>String</gml:description>
											<gml:name>String</gml:name>
											<gml:name>String</gml:name>
											<gml:segments>
												<gml:ArcStringByBulge>
													<gml:pos>3.14159265358979</gml:pos>
													<gml:pos>3.14159265358979</gml:pos>
													<gml:bulge>3.14159265358979</gml:bulge>
													<gml:bulge>3.14159265358979</gml:bulge>
													<gml:normal>3.14159265358979</gml:normal>
													<gml:normal>3.14159265358979</gml:normal>
												</gml:ArcStringByBulge>
												<gml:ArcStringByBulge>
													<gml:pos>3.14159265358979</gml:pos>
													<gml:pos>3.14159265358979</gml:pos>
													<gml:bulge>3.14159265358979</gml:bulge>
													<gml:bulge>3.14159265358979</gml:bulge>
													<gml:normal>3.14159265358979</gml:normal>
													<gml:normal>3.14159265358979</gml:normal>
												</gml:ArcStringByBulge>
											</gml:segments>
										</gml:Curve>
									</gml:curveMember>
								</gml:Ring>
							</gml:exterior>
						</gml:Triangle>
						<gml:Triangle>
							<gml:exterior>
								<gml:Ring>
									<gml:metaDataProperty>
										<auto-generated_for_wildcard xmlns=""/>
									</gml:metaDataProperty>
									<gml:metaDataProperty>
										<auto-generated_for_wildcard xmlns=""/>
									</gml:metaDataProperty>
									<gml:description>String</gml:description>
									<gml:name>String</gml:name>
									<gml:name>String</gml:name>
									<gml:curveMember>
										<gml:Curve>
											<gml:metaDataProperty>
												<auto-generated_for_wildcard xmlns=""/>
											</gml:metaDataProperty>
											<gml:metaDataProperty>
												<auto-generated_for_wildcard xmlns=""/>
											</gml:metaDataProperty>
											<gml:description>String</gml:description>
											<gml:name>String</gml:name>
											<gml:name>String</gml:name>
											<gml:segments>
												<gml:ArcStringByBulge>
													<gml:pos>3.14159265358979</gml:pos>
													<gml:pos>3.14159265358979</gml:pos>
													<gml:bulge>3.14159265358979</gml:bulge>
													<gml:bulge>3.14159265358979</gml:bulge>
													<gml:normal>3.14159265358979</gml:normal>
													<gml:normal>3.14159265358979</gml:normal>
												</gml:ArcStringByBulge>
												<gml:ArcStringByBulge>
													<gml:pos>3.14159265358979</gml:pos>
													<gml:pos>3.14159265358979</gml:pos>
													<gml:bulge>3.14159265358979</gml:bulge>
													<gml:bulge>3.14159265358979</gml:bulge>
													<gml:normal>3.14159265358979</gml:normal>
													<gml:normal>3.14159265358979</gml:normal>
												</gml:ArcStringByBulge>
											</gml:segments>
										</gml:Curve>
									</gml:curveMember>
									<gml:curveMember>
										<gml:Curve>
											<gml:metaDataProperty>
												<auto-generated_for_wildcard xmlns=""/>
											</gml:metaDataProperty>
											<gml:metaDataProperty>
												<auto-generated_for_wildcard xmlns=""/>
											</gml:metaDataProperty>
											<gml:description>String</gml:description>
											<gml:name>String</gml:name>
											<gml:name>String</gml:name>
											<gml:segments>
												<gml:ArcStringByBulge>
													<gml:pos>3.14159265358979</gml:pos>
													<gml:pos>3.14159265358979</gml:pos>
													<gml:bulge>3.14159265358979</gml:bulge>
													<gml:bulge>3.14159265358979</gml:bulge>
													<gml:normal>3.14159265358979</gml:normal>
													<gml:normal>3.14159265358979</gml:normal>
												</gml:ArcStringByBulge>
												<gml:ArcStringByBulge>
													<gml:pos>3.14159265358979</gml:pos>
													<gml:pos>3.14159265358979</gml:pos>
													<gml:bulge>3.14159265358979</gml:bulge>
													<gml:bulge>3.14159265358979</gml:bulge>
													<gml:normal>3.14159265358979</gml:normal>
													<gml:normal>3.14159265358979</gml:normal>
												</gml:ArcStringByBulge>
											</gml:segments>
										</gml:Curve>
									</gml:curveMember>
								</gml:Ring>
							</gml:exterior>
						</gml:Triangle>
					</gml:trianglePatches>
					<gml:stopLines>
						<gml:LineStringSegment>
							<gml:pos>3.14159265358979</gml:pos>
							<gml:pos>3.14159265358979</gml:pos>
						</gml:LineStringSegment>
						<gml:LineStringSegment>
							<gml:pos>3.14159265358979</gml:pos>
							<gml:pos>3.14159265358979</gml:pos>
						</gml:LineStringSegment>
					</gml:stopLines>
					<gml:stopLines>
						<gml:LineStringSegment>
							<gml:pos>3.14159265358979</gml:pos>
							<gml:pos>3.14159265358979</gml:pos>
						</gml:LineStringSegment>
						<gml:LineStringSegment>
							<gml:pos>3.14159265358979</gml:pos>
							<gml:pos>3.14159265358979</gml:pos>
						</gml:LineStringSegment>
					</gml:stopLines>
					<gml:breakLines>
						<gml:LineStringSegment>
							<gml:pos>3.14159265358979</gml:pos>
							<gml:pos>3.14159265358979</gml:pos>
						</gml:LineStringSegment>
						<gml:LineStringSegment>
							<gml:pos>3.14159265358979</gml:pos>
							<gml:pos>3.14159265358979</gml:pos>
						</gml:LineStringSegment>
					</gml:breakLines>
					<gml:breakLines>
						<gml:LineStringSegment>
							<gml:pos>3.14159265358979</gml:pos>
							<gml:pos>3.14159265358979</gml:pos>
						</gml:LineStringSegment>
						<gml:LineStringSegment>
							<gml:pos>3.14159265358979</gml:pos>
							<gml:pos>3.14159265358979</gml:pos>
						</gml:LineStringSegment>
					</gml:breakLines>
					<gml:maxLength uom="http://www.altova.com/">3.14159265358979</gml:maxLength>
					<gml:controlPoint>
						<gml:posList>3.14159265358979</gml:posList>
					</gml:controlPoint>
				</gml:Tin>
			</ZKN:lokatie>
			<ZKN:registratie>a</ZKN:registratie>
		</ZKN:anderZaakObject>
		<ZKN:resultaat>
			<ZKN:omschrijving>a</ZKN:omschrijving>
			<ZKN:toelichting>a</ZKN:toelichting>
		</ZKN:resultaat>
		<ZKN:startdatum>0</ZKN:startdatum>
		<ZKN:registratiedatum>0</ZKN:registratiedatum>
		<ZKN:publicatiedatum>0</ZKN:publicatiedatum>
		<ZKN:einddatumGepland>0</ZKN:einddatumGepland>
		<ZKN:uiterlijkeEinddatum>0</ZKN:uiterlijkeEinddatum>
		<ZKN:einddatum>0</ZKN:einddatum>
		<ZKN:opschorting>
			<ZKN:indicatie>J</ZKN:indicatie>
			<ZKN:reden>a</ZKN:reden>
		</ZKN:opschorting>
		<ZKN:verlenging>
			<ZKN:duur>0</ZKN:duur>
			<ZKN:reden>a</ZKN:reden>
		</ZKN:verlenging>
		<ZKN:betalingsIndicatie>Gedeeltelijk</ZKN:betalingsIndicatie>
		<ZKN:laatsteBetaaldatum>00000000</ZKN:laatsteBetaaldatum>
		<ZKN:archiefnominatie>N</ZKN:archiefnominatie>
		<ZKN:datumVernietigingDossier>0</ZKN:datumVernietigingDossier>
		<ZKN:zaakniveau>1</ZKN:zaakniveau>
		<ZKN:deelzakenIndicatie>J</ZKN:deelzakenIndicatie>
		<StUF:tijdvakGeldigheid>
			<StUF:beginGeldigheid>00000000</StUF:beginGeldigheid>
			<StUF:eindGeldigheid>00000000</StUF:eindGeldigheid>
		</StUF:tijdvakGeldigheid>
		<StUF:tijdstipRegistratie>00000000</StUF:tijdstipRegistratie>
		<StUF:extraElementen>
			<StUF:extraElement naam="String">String</StUF:extraElement>
			<StUF:extraElement naam="String">String</StUF:extraElement>
		</StUF:extraElementen>
		<ZKN:isVan ZKN:entiteittype="ZAKZKT" StUF:verwerkingssoort="O">
			<ZKN:gerelateerde ZKN:entiteittype="ZKT" StUF:verwerkingssoort="R">
				<ZKN:omschrijving>a</ZKN:omschrijving>
				<ZKN:code>a</ZKN:code>
				<ZKN:ingangsdatumObject>0</ZKN:ingangsdatumObject>
			</ZKN:gerelateerde>
			<StUF:extraElementen>
				<StUF:extraElement naam="String">String</StUF:extraElement>
				<StUF:extraElement naam="String">String</StUF:extraElement>
			</StUF:extraElementen>
		</ZKN:isVan>
		<ZKN:heeftBetrekkingOp ZKN:entiteittype="ZAKOBJ" StUF:verwerkingssoort="S">
			<ZKN:gerelateerde>
				<ZKN:adres StUF:verwerkingssoort="V" BG:entiteittype="AOA">
					<identificatie>aaaaaaaaaaaaaaaa</identificatie>
					<authentiek StUF:metagegeven="true">J</authentiek>
					<wpl.woonplaatsNaam>a</wpl.woonplaatsNaam>
					<gor.openbareRuimteNaam>a</gor.openbareRuimteNaam>
					<huisnummer>99999</huisnummer>
					<huisletter>A</huisletter>
					<huisnummertoevoeging/>
					<postcode>1000</postcode>
				</ZKN:adres>
			</ZKN:gerelateerde>
			<ZKN:omschrijving>a</ZKN:omschrijving>
			<StUF:tijdvakRelatie>
				<StUF:beginRelatie>00000000</StUF:beginRelatie>
				<StUF:eindRelatie>00000000</StUF:eindRelatie>
			</StUF:tijdvakRelatie>
			<StUF:tijdstipRegistratie>00000000</StUF:tijdstipRegistratie>
			<StUF:extraElementen>
				<StUF:extraElement naam="String">String</StUF:extraElement>
				<StUF:extraElement naam="String">String</StUF:extraElement>
			</StUF:extraElementen>
		</ZKN:heeftBetrekkingOp>
		<ZKN:heeftAlsBelanghebbende ZKN:entiteittype="ZAKBTRBLH" StUF:verwerkingssoort="O">
			<ZKN:gerelateerde>
				<ZKN:medewerker ZKN:entiteittype="MDW" StUF:verwerkingssoort="I">
					<ZKN:identificatie>a</ZKN:identificatie>
					<ZKN:achternaam>a</ZKN:achternaam>
					<ZKN:voorletters>a</ZKN:voorletters>
					<ZKN:voorvoegselAchternaam>a</ZKN:voorvoegselAchternaam>
				</ZKN:medewerker>
			</ZKN:gerelateerde>
			<ZKN:code>a</ZKN:code>
			<ZKN:omschrijving>a</ZKN:omschrijving>
			<ZKN:toelichting>a</ZKN:toelichting>
			<ZKN:afwijkendCorrespondentieAdres>
				<typering>Postadres</typering>
				<wpl.woonplaatsNaam>a</wpl.woonplaatsNaam>
				<aoa.woonplaatsWaarinGelegen>
					<wpl.identificatie>9999</wpl.identificatie>
					<wpl.woonplaatsNaam>a</wpl.woonplaatsNaam>
				</aoa.woonplaatsWaarinGelegen>
				<postcode>1000</postcode>
				<aoa.identificatie>aaaaaaaaaaaaaaaa</aoa.identificatie>
				<authentiek StUF:metagegeven="true">N</authentiek>
				<wpl.identificatie>9999</wpl.identificatie>
				<opr.identificatie>aaaaaaaaaaaaaaaa</opr.identificatie>
				<gor.openbareRuimteNaam>a</gor.openbareRuimteNaam>
				<gor.straatnaam>a</gor.straatnaam>
				<aoa.huisnummer>99999</aoa.huisnummer>
				<aoa.huisletter>A</aoa.huisletter>
				<aoa.huisnummertoevoeging/>
				<aoa.identificatie>aaaaaaaaaaaaaaaa</aoa.identificatie>
				<authentiek StUF:metagegeven="true">J</authentiek>
				<wpl.identificatie>9999</wpl.identificatie>
				<opr.identificatie>aaaaaaaaaaaaaaaa</opr.identificatie>
				<gor.openbareRuimteNaam>a</gor.openbareRuimteNaam>
				<gor.straatnaam>a</gor.straatnaam>
				<aoa.huisnummer>99999</aoa.huisnummer>
				<aoa.huisletter>A</aoa.huisletter>
				<aoa.huisnummertoevoeging/>
			</ZKN:afwijkendCorrespondentieAdres>
			<StUF:tijdvakRelatie>
				<StUF:beginRelatie>00000000</StUF:beginRelatie>
				<StUF:eindRelatie>00000000</StUF:eindRelatie>
			</StUF:tijdvakRelatie>
			<StUF:tijdvakGeldigheid>
				<StUF:beginGeldigheid>00000000</StUF:beginGeldigheid>
				<StUF:eindGeldigheid>00000000</StUF:eindGeldigheid>
			</StUF:tijdvakGeldigheid>
			<StUF:tijdstipRegistratie>00000000</StUF:tijdstipRegistratie>
			<StUF:extraElementen>
				<StUF:extraElement naam="String">String</StUF:extraElement>
				<StUF:extraElement naam="String">String</StUF:extraElement>
			</StUF:extraElementen>
			<ZKN:heeftAlsAanspreekpunt ZKN:entiteittype="ZAKBTRBLHCTP" StUF:verwerkingssoort="V">
				<ZKN:gerelateerde ZKN:entiteittype="CTP" StUF:verwerkingssoort="O">
					<ZKN:identificatie>a</ZKN:identificatie>
					<ZKN:naam>a</ZKN:naam>
					<ZKN:functie>a</ZKN:functie>
					<ZKN:telefoonnummer>a</ZKN:telefoonnummer>
					<ZKN:emailadres>a</ZKN:emailadres>
					<StUF:extraElementen>
						<StUF:extraElement naam="String">String</StUF:extraElement>
						<StUF:extraElement naam="String">String</StUF:extraElement>
					</StUF:extraElementen>
					<ZKN:isAanspreekpuntNamens ZKN:entiteittype="CTPSUB" StUF:verwerkingssoort="R">
						<ZKN:gerelateerde>
							<natuurlijkPersoon BG:entiteittype="NPS" StUF:verwerkingssoort="T">
								<inp.bsn>000000000</inp.bsn>
								<authentiek StUF:metagegeven="true">N</authentiek>
								<geslachtsnaam>a</geslachtsnaam>
								<voorvoegselGeslachtsnaam>a</voorvoegselGeslachtsnaam>
								<voorletters>a</voorletters>
								<voornamen>a</voornamen>
								<geslachtsaanduiding>V</geslachtsaanduiding>
								<geboortedatum>0</geboortedatum>
								<verblijfsadres>
									<aoa.identificatie>aaaaaaaaaaaaaaaa</aoa.identificatie>
									<authentiek StUF:metagegeven="true">J</authentiek>
									<wpl.woonplaatsNaam>a</wpl.woonplaatsNaam>
									<gor.openbareRuimteNaam>a</gor.openbareRuimteNaam>
									<gor.straatnaam>a</gor.straatnaam>
									<aoa.postcode>1000</aoa.postcode>
									<aoa.huisnummer>99999</aoa.huisnummer>
									<aoa.huisletter>A</aoa.huisletter>
									<aoa.huisnummertoevoeging/>
									<inp.locatiebeschrijving>a</inp.locatiebeschrijving>
								</verblijfsadres>
							</natuurlijkPersoon>
						</ZKN:gerelateerde>
					</ZKN:isAanspreekpuntNamens>
				</ZKN:gerelateerde>
				<StUF:tijdvakRelatie>
					<StUF:beginRelatie>00000000</StUF:beginRelatie>
					<StUF:eindRelatie>00000000</StUF:eindRelatie>
				</StUF:tijdvakRelatie>
			</ZKN:heeftAlsAanspreekpunt>
		</ZKN:heeftAlsBelanghebbende>
		<ZKN:heeftAlsDeelzaak ZKN:entiteittype="ZAKZAKDEL" StUF:verwerkingssoort="S">
			<ZKN:gerelateerde ZKN:entiteittype="ZAK" StUF:verwerkingssoort="T">
				<ZKN:identificatie>aaaaa</ZKN:identificatie>
				<ZKN:omschrijving>a</ZKN:omschrijving>
				<ZKN:isVan ZKN:entiteittype="ZAKZKT">
					<ZKN:gerelateerde ZKN:entiteittype="ZKT">
						<ZKN:omschrijving>a</ZKN:omschrijving>
						<ZKN:code>a</ZKN:code>
						<ZKN:ingangsdatumObject>0</ZKN:ingangsdatumObject>
					</ZKN:gerelateerde>
				</ZKN:isVan>
			</ZKN:gerelateerde>
			<StUF:tijdvakRelatie>
				<StUF:beginRelatie>00000000</StUF:beginRelatie>
				<StUF:eindRelatie>00000000</StUF:eindRelatie>
			</StUF:tijdvakRelatie>
			<StUF:tijdstipRegistratie>00000000</StUF:tijdstipRegistratie>
			<StUF:extraElementen>
				<StUF:extraElement naam="String">String</StUF:extraElement>
				<StUF:extraElement naam="String">String</StUF:extraElement>
			</StUF:extraElementen>
		</ZKN:heeftAlsDeelzaak>
	</ZKN:object>
	<ZKN:object ZKN:entiteittype="ZAK" StUF:verwerkingssoort="S">
		<ZKN:identificatie>aaaaa</ZKN:identificatie>
		<ZKN:omschrijving>a</ZKN:omschrijving>
		<ZKN:toelichting>a</ZKN:toelichting>
		<ZKN:kenmerk>
			<ZKN:kenmerk>a</ZKN:kenmerk>
			<ZKN:bron>a</ZKN:bron>
		</ZKN:kenmerk>
		<ZKN:anderZaakObject>
			<ZKN:omschrijving>a</ZKN:omschrijving>
			<ZKN:aanduiding>a</ZKN:aanduiding>
			<ZKN:lokatie>
				<gml:Tin>
					<gml:metaDataProperty>
						<auto-generated_for_wildcard xmlns=""/>
					</gml:metaDataProperty>
					<gml:metaDataProperty>
						<auto-generated_for_wildcard xmlns=""/>
					</gml:metaDataProperty>
					<gml:description>String</gml:description>
					<gml:name>String</gml:name>
					<gml:name>String</gml:name>
					<gml:trianglePatches>
						<gml:Triangle>
							<gml:exterior>
								<gml:Ring>
									<gml:metaDataProperty>
										<auto-generated_for_wildcard xmlns=""/>
									</gml:metaDataProperty>
									<gml:metaDataProperty>
										<auto-generated_for_wildcard xmlns=""/>
									</gml:metaDataProperty>
									<gml:description>String</gml:description>
									<gml:name>String</gml:name>
									<gml:name>String</gml:name>
									<gml:curveMember>
										<gml:Curve>
											<gml:metaDataProperty>
												<auto-generated_for_wildcard xmlns=""/>
											</gml:metaDataProperty>
											<gml:metaDataProperty>
												<auto-generated_for_wildcard xmlns=""/>
											</gml:metaDataProperty>
											<gml:description>String</gml:description>
											<gml:name>String</gml:name>
											<gml:name>String</gml:name>
											<gml:segments>
												<gml:ArcStringByBulge>
													<gml:pos>3.14159265358979</gml:pos>
													<gml:pos>3.14159265358979</gml:pos>
													<gml:bulge>3.14159265358979</gml:bulge>
													<gml:bulge>3.14159265358979</gml:bulge>
													<gml:normal>3.14159265358979</gml:normal>
													<gml:normal>3.14159265358979</gml:normal>
												</gml:ArcStringByBulge>
												<gml:ArcStringByBulge>
													<gml:pos>3.14159265358979</gml:pos>
													<gml:pos>3.14159265358979</gml:pos>
													<gml:bulge>3.14159265358979</gml:bulge>
													<gml:bulge>3.14159265358979</gml:bulge>
													<gml:normal>3.14159265358979</gml:normal>
													<gml:normal>3.14159265358979</gml:normal>
												</gml:ArcStringByBulge>
											</gml:segments>
										</gml:Curve>
									</gml:curveMember>
									<gml:curveMember>
										<gml:Curve>
											<gml:metaDataProperty>
												<auto-generated_for_wildcard xmlns=""/>
											</gml:metaDataProperty>
											<gml:metaDataProperty>
												<auto-generated_for_wildcard xmlns=""/>
											</gml:metaDataProperty>
											<gml:description>String</gml:description>
											<gml:name>String</gml:name>
											<gml:name>String</gml:name>
											<gml:segments>
												<gml:ArcStringByBulge>
													<gml:pos>3.14159265358979</gml:pos>
													<gml:pos>3.14159265358979</gml:pos>
													<gml:bulge>3.14159265358979</gml:bulge>
													<gml:bulge>3.14159265358979</gml:bulge>
													<gml:normal>3.14159265358979</gml:normal>
													<gml:normal>3.14159265358979</gml:normal>
												</gml:ArcStringByBulge>
												<gml:ArcStringByBulge>
													<gml:pos>3.14159265358979</gml:pos>
													<gml:pos>3.14159265358979</gml:pos>
													<gml:bulge>3.14159265358979</gml:bulge>
													<gml:bulge>3.14159265358979</gml:bulge>
													<gml:normal>3.14159265358979</gml:normal>
													<gml:normal>3.14159265358979</gml:normal>
												</gml:ArcStringByBulge>
											</gml:segments>
										</gml:Curve>
									</gml:curveMember>
								</gml:Ring>
							</gml:exterior>
						</gml:Triangle>
						<gml:Triangle>
							<gml:exterior>
								<gml:Ring>
									<gml:metaDataProperty>
										<auto-generated_for_wildcard xmlns=""/>
									</gml:metaDataProperty>
									<gml:metaDataProperty>
										<auto-generated_for_wildcard xmlns=""/>
									</gml:metaDataProperty>
									<gml:description>String</gml:description>
									<gml:name>String</gml:name>
									<gml:name>String</gml:name>
									<gml:curveMember>
										<gml:Curve>
											<gml:metaDataProperty>
												<auto-generated_for_wildcard xmlns=""/>
											</gml:metaDataProperty>
											<gml:metaDataProperty>
												<auto-generated_for_wildcard xmlns=""/>
											</gml:metaDataProperty>
											<gml:description>String</gml:description>
											<gml:name>String</gml:name>
											<gml:name>String</gml:name>
											<gml:segments>
												<gml:ArcStringByBulge>
													<gml:pos>3.14159265358979</gml:pos>
													<gml:pos>3.14159265358979</gml:pos>
													<gml:bulge>3.14159265358979</gml:bulge>
													<gml:bulge>3.14159265358979</gml:bulge>
													<gml:normal>3.14159265358979</gml:normal>
													<gml:normal>3.14159265358979</gml:normal>
												</gml:ArcStringByBulge>
												<gml:ArcStringByBulge>
													<gml:pos>3.14159265358979</gml:pos>
													<gml:pos>3.14159265358979</gml:pos>
													<gml:bulge>3.14159265358979</gml:bulge>
													<gml:bulge>3.14159265358979</gml:bulge>
													<gml:normal>3.14159265358979</gml:normal>
													<gml:normal>3.14159265358979</gml:normal>
												</gml:ArcStringByBulge>
											</gml:segments>
										</gml:Curve>
									</gml:curveMember>
									<gml:curveMember>
										<gml:Curve>
											<gml:metaDataProperty>
												<auto-generated_for_wildcard xmlns=""/>
											</gml:metaDataProperty>
											<gml:metaDataProperty>
												<auto-generated_for_wildcard xmlns=""/>
											</gml:metaDataProperty>
											<gml:description>String</gml:description>
											<gml:name>String</gml:name>
											<gml:name>String</gml:name>
											<gml:segments>
												<gml:ArcStringByBulge>
													<gml:pos>3.14159265358979</gml:pos>
													<gml:pos>3.14159265358979</gml:pos>
													<gml:bulge>3.14159265358979</gml:bulge>
													<gml:bulge>3.14159265358979</gml:bulge>
													<gml:normal>3.14159265358979</gml:normal>
													<gml:normal>3.14159265358979</gml:normal>
												</gml:ArcStringByBulge>
												<gml:ArcStringByBulge>
													<gml:pos>3.14159265358979</gml:pos>
													<gml:pos>3.14159265358979</gml:pos>
													<gml:bulge>3.14159265358979</gml:bulge>
													<gml:bulge>3.14159265358979</gml:bulge>
													<gml:normal>3.14159265358979</gml:normal>
													<gml:normal>3.14159265358979</gml:normal>
												</gml:ArcStringByBulge>
											</gml:segments>
										</gml:Curve>
									</gml:curveMember>
								</gml:Ring>
							</gml:exterior>
						</gml:Triangle>
					</gml:trianglePatches>
					<gml:stopLines>
						<gml:LineStringSegment>
							<gml:pos>3.14159265358979</gml:pos>
							<gml:pos>3.14159265358979</gml:pos>
						</gml:LineStringSegment>
						<gml:LineStringSegment>
							<gml:pos>3.14159265358979</gml:pos>
							<gml:pos>3.14159265358979</gml:pos>
						</gml:LineStringSegment>
					</gml:stopLines>
					<gml:stopLines>
						<gml:LineStringSegment>
							<gml:pos>3.14159265358979</gml:pos>
							<gml:pos>3.14159265358979</gml:pos>
						</gml:LineStringSegment>
						<gml:LineStringSegment>
							<gml:pos>3.14159265358979</gml:pos>
							<gml:pos>3.14159265358979</gml:pos>
						</gml:LineStringSegment>
					</gml:stopLines>
					<gml:breakLines>
						<gml:LineStringSegment>
							<gml:pos>3.14159265358979</gml:pos>
							<gml:pos>3.14159265358979</gml:pos>
						</gml:LineStringSegment>
						<gml:LineStringSegment>
							<gml:pos>3.14159265358979</gml:pos>
							<gml:pos>3.14159265358979</gml:pos>
						</gml:LineStringSegment>
					</gml:breakLines>
					<gml:breakLines>
						<gml:LineStringSegment>
							<gml:pos>3.14159265358979</gml:pos>
							<gml:pos>3.14159265358979</gml:pos>
						</gml:LineStringSegment>
						<gml:LineStringSegment>
							<gml:pos>3.14159265358979</gml:pos>
							<gml:pos>3.14159265358979</gml:pos>
						</gml:LineStringSegment>
					</gml:breakLines>
					<gml:maxLength uom="http://www.altova.com/">3.14159265358979</gml:maxLength>
					<gml:controlPoint>
						<gml:posList>3.14159265358979</gml:posList>
					</gml:controlPoint>
				</gml:Tin>
			</ZKN:lokatie>
			<ZKN:registratie>a</ZKN:registratie>
		</ZKN:anderZaakObject>
		<ZKN:resultaat>
			<ZKN:omschrijving>a</ZKN:omschrijving>
			<ZKN:toelichting>a</ZKN:toelichting>
		</ZKN:resultaat>
		<ZKN:startdatum>0</ZKN:startdatum>
		<ZKN:registratiedatum>0</ZKN:registratiedatum>
		<ZKN:publicatiedatum>0</ZKN:publicatiedatum>
		<ZKN:einddatumGepland>0</ZKN:einddatumGepland>
		<ZKN:uiterlijkeEinddatum>0</ZKN:uiterlijkeEinddatum>
		<ZKN:einddatum>0</ZKN:einddatum>
		<ZKN:opschorting>
			<ZKN:indicatie>J</ZKN:indicatie>
			<ZKN:reden>a</ZKN:reden>
		</ZKN:opschorting>
		<ZKN:verlenging>
			<ZKN:duur>0</ZKN:duur>
			<ZKN:reden>a</ZKN:reden>
		</ZKN:verlenging>
		<ZKN:betalingsIndicatie>Gedeeltelijk</ZKN:betalingsIndicatie>
		<ZKN:laatsteBetaaldatum>00000000</ZKN:laatsteBetaaldatum>
		<ZKN:archiefnominatie>N</ZKN:archiefnominatie>
		<ZKN:datumVernietigingDossier>0</ZKN:datumVernietigingDossier>
		<ZKN:zaakniveau>1</ZKN:zaakniveau>
		<ZKN:deelzakenIndicatie>J</ZKN:deelzakenIndicatie>
		<StUF:tijdvakGeldigheid>
			<StUF:beginGeldigheid>00000000</StUF:beginGeldigheid>
			<StUF:eindGeldigheid>00000000</StUF:eindGeldigheid>
		</StUF:tijdvakGeldigheid>
		<StUF:tijdstipRegistratie>00000000</StUF:tijdstipRegistratie>
		<StUF:extraElementen>
			<StUF:extraElement naam="String">String</StUF:extraElement>
			<StUF:extraElement naam="String">String</StUF:extraElement>
		</StUF:extraElementen>
		<ZKN:isVan ZKN:entiteittype="ZAKZKT" StUF:verwerkingssoort="O">
			<ZKN:gerelateerde ZKN:entiteittype="ZKT" StUF:verwerkingssoort="R">
				<ZKN:omschrijving>a</ZKN:omschrijving>
				<ZKN:code>a</ZKN:code>
				<ZKN:ingangsdatumObject>0</ZKN:ingangsdatumObject>
			</ZKN:gerelateerde>
			<StUF:extraElementen>
				<StUF:extraElement naam="String">String</StUF:extraElement>
				<StUF:extraElement naam="String">String</StUF:extraElement>
			</StUF:extraElementen>
		</ZKN:isVan>
		<ZKN:heeftBetrekkingOp ZKN:entiteittype="ZAKOBJ" StUF:verwerkingssoort="S">
			<ZKN:gerelateerde>
				<ZKN:adres StUF:verwerkingssoort="V" BG:entiteittype="AOA">
					<identificatie>aaaaaaaaaaaaaaaa</identificatie>
					<authentiek StUF:metagegeven="true">J</authentiek>
					<wpl.woonplaatsNaam>a</wpl.woonplaatsNaam>
					<gor.openbareRuimteNaam>a</gor.openbareRuimteNaam>
					<huisnummer>99999</huisnummer>
					<huisletter>A</huisletter>
					<huisnummertoevoeging/>
					<postcode>1000</postcode>
				</ZKN:adres>
			</ZKN:gerelateerde>
			<ZKN:omschrijving>a</ZKN:omschrijving>
			<StUF:tijdvakRelatie>
				<StUF:beginRelatie>00000000</StUF:beginRelatie>
				<StUF:eindRelatie>00000000</StUF:eindRelatie>
			</StUF:tijdvakRelatie>
			<StUF:tijdstipRegistratie>00000000</StUF:tijdstipRegistratie>
			<StUF:extraElementen>
				<StUF:extraElement naam="String">String</StUF:extraElement>
				<StUF:extraElement naam="String">String</StUF:extraElement>
			</StUF:extraElementen>
		</ZKN:heeftBetrekkingOp>
		<ZKN:heeftAlsBelanghebbende ZKN:entiteittype="ZAKBTRBLH" StUF:verwerkingssoort="O">
			<ZKN:gerelateerde>
				<ZKN:medewerker ZKN:entiteittype="MDW" StUF:verwerkingssoort="I">
					<ZKN:identificatie>a</ZKN:identificatie>
					<ZKN:achternaam>a</ZKN:achternaam>
					<ZKN:voorletters>a</ZKN:voorletters>
					<ZKN:voorvoegselAchternaam>a</ZKN:voorvoegselAchternaam>
				</ZKN:medewerker>
			</ZKN:gerelateerde>
			<ZKN:code>a</ZKN:code>
			<ZKN:omschrijving>a</ZKN:omschrijving>
			<ZKN:toelichting>a</ZKN:toelichting>
			<ZKN:afwijkendCorrespondentieAdres>
				<typering>Postadres</typering>
				<wpl.woonplaatsNaam>a</wpl.woonplaatsNaam>
				<aoa.woonplaatsWaarinGelegen>
					<wpl.identificatie>9999</wpl.identificatie>
					<wpl.woonplaatsNaam>a</wpl.woonplaatsNaam>
				</aoa.woonplaatsWaarinGelegen>
				<postcode>1000</postcode>
				<aoa.identificatie>aaaaaaaaaaaaaaaa</aoa.identificatie>
				<authentiek StUF:metagegeven="true">N</authentiek>
				<wpl.identificatie>9999</wpl.identificatie>
				<opr.identificatie>aaaaaaaaaaaaaaaa</opr.identificatie>
				<gor.openbareRuimteNaam>a</gor.openbareRuimteNaam>
				<gor.straatnaam>a</gor.straatnaam>
				<aoa.huisnummer>99999</aoa.huisnummer>
				<aoa.huisletter>A</aoa.huisletter>
				<aoa.huisnummertoevoeging/>
				<aoa.identificatie>aaaaaaaaaaaaaaaa</aoa.identificatie>
				<authentiek StUF:metagegeven="true">J</authentiek>
				<wpl.identificatie>9999</wpl.identificatie>
				<opr.identificatie>aaaaaaaaaaaaaaaa</opr.identificatie>
				<gor.openbareRuimteNaam>a</gor.openbareRuimteNaam>
				<gor.straatnaam>a</gor.straatnaam>
				<aoa.huisnummer>99999</aoa.huisnummer>
				<aoa.huisletter>A</aoa.huisletter>
				<aoa.huisnummertoevoeging/>
			</ZKN:afwijkendCorrespondentieAdres>
			<StUF:tijdvakRelatie>
				<StUF:beginRelatie>00000000</StUF:beginRelatie>
				<StUF:eindRelatie>00000000</StUF:eindRelatie>
			</StUF:tijdvakRelatie>
			<StUF:tijdvakGeldigheid>
				<StUF:beginGeldigheid>00000000</StUF:beginGeldigheid>
				<StUF:eindGeldigheid>00000000</StUF:eindGeldigheid>
			</StUF:tijdvakGeldigheid>
			<StUF:tijdstipRegistratie>00000000</StUF:tijdstipRegistratie>
			<StUF:extraElementen>
				<StUF:extraElement naam="String">String</StUF:extraElement>
				<StUF:extraElement naam="String">String</StUF:extraElement>
			</StUF:extraElementen>
			<ZKN:heeftAlsAanspreekpunt ZKN:entiteittype="ZAKBTRBLHCTP" StUF:verwerkingssoort="V">
				<ZKN:gerelateerde ZKN:entiteittype="CTP" StUF:verwerkingssoort="O">
					<ZKN:identificatie>a</ZKN:identificatie>
					<ZKN:naam>a</ZKN:naam>
					<ZKN:functie>a</ZKN:functie>
					<ZKN:telefoonnummer>a</ZKN:telefoonnummer>
					<ZKN:emailadres>a</ZKN:emailadres>
					<StUF:extraElementen>
						<StUF:extraElement naam="String">String</StUF:extraElement>
						<StUF:extraElement naam="String">String</StUF:extraElement>
					</StUF:extraElementen>
					<ZKN:isAanspreekpuntNamens ZKN:entiteittype="CTPSUB" StUF:verwerkingssoort="R">
						<ZKN:gerelateerde>
							<natuurlijkPersoon BG:entiteittype="NPS" StUF:verwerkingssoort="T">
								<inp.bsn>000000000</inp.bsn>
								<authentiek StUF:metagegeven="true">N</authentiek>
								<geslachtsnaam>a</geslachtsnaam>
								<voorvoegselGeslachtsnaam>a</voorvoegselGeslachtsnaam>
								<voorletters>a</voorletters>
								<voornamen>a</voornamen>
								<geslachtsaanduiding>V</geslachtsaanduiding>
								<geboortedatum>0</geboortedatum>
								<verblijfsadres>
									<aoa.identificatie>aaaaaaaaaaaaaaaa</aoa.identificatie>
									<authentiek StUF:metagegeven="true">J</authentiek>
									<wpl.woonplaatsNaam>a</wpl.woonplaatsNaam>
									<gor.openbareRuimteNaam>a</gor.openbareRuimteNaam>
									<gor.straatnaam>a</gor.straatnaam>
									<aoa.postcode>1000</aoa.postcode>
									<aoa.huisnummer>99999</aoa.huisnummer>
									<aoa.huisletter>A</aoa.huisletter>
									<aoa.huisnummertoevoeging/>
									<inp.locatiebeschrijving>a</inp.locatiebeschrijving>
								</verblijfsadres>
							</natuurlijkPersoon>
						</ZKN:gerelateerde>
					</ZKN:isAanspreekpuntNamens>
				</ZKN:gerelateerde>
				<StUF:tijdvakRelatie>
					<StUF:beginRelatie>00000000</StUF:beginRelatie>
					<StUF:eindRelatie>00000000</StUF:eindRelatie>
				</StUF:tijdvakRelatie>
			</ZKN:heeftAlsAanspreekpunt>
		</ZKN:heeftAlsBelanghebbende>
		<ZKN:heeftAlsDeelzaak ZKN:entiteittype="ZAKZAKDEL" StUF:verwerkingssoort="S">
			<ZKN:gerelateerde ZKN:entiteittype="ZAK" StUF:verwerkingssoort="T">
				<ZKN:identificatie>aaaaa</ZKN:identificatie>
				<ZKN:omschrijving>a</ZKN:omschrijving>
				<ZKN:isVan ZKN:entiteittype="ZAKZKT">
					<ZKN:gerelateerde ZKN:entiteittype="ZKT">
						<ZKN:omschrijving>a</ZKN:omschrijving>
						<ZKN:code>a</ZKN:code>
						<ZKN:ingangsdatumObject>0</ZKN:ingangsdatumObject>
					</ZKN:gerelateerde>
				</ZKN:isVan>
			</ZKN:gerelateerde>
			<StUF:tijdvakRelatie>
				<StUF:beginRelatie>00000000</StUF:beginRelatie>
				<StUF:eindRelatie>00000000</StUF:eindRelatie>
			</StUF:tijdvakRelatie>
			<StUF:tijdstipRegistratie>00000000</StUF:tijdstipRegistratie>
			<StUF:extraElementen>
				<StUF:extraElement naam="String">String</StUF:extraElement>
				<StUF:extraElement naam="String">String</StUF:extraElement>
			</StUF:extraElementen>
		</ZKN:heeftAlsDeelzaak>
	</ZKN:object>
</ZKN:zakLk01>
