<soapenv:Envelope xmlns:soapenv="http://schemas.xmlsoap.org/soap/envelope/" xmlns:stuf="http://www.egem.nl/StUF/StUF0301" xmlns:ns="http://www.egem.nl/StUF/sector/bg/0310">
   <soapenv:Header>
      <request_header>
         <stuf:berichtcode>?</stuf:berichtcode>
         <!--Optional:-->
         <stuf:zender>
            <!--Optional:-->
            <stuf:organisatie>?</stuf:organisatie>
            <stuf:applicatie>?</stuf:applicatie>
            <!--Optional:-->
            <stuf:administratie>?</stuf:administratie>
            <!--Optional:-->
            <stuf:gebruiker>?</stuf:gebruiker>
         </stuf:zender>
         <!--Optional:-->
         <stuf:ontvanger>
            <!--Optional:-->
            <stuf:organisatie>?</stuf:organisatie>
            <stuf:applicatie>?</stuf:applicatie>
            <!--Optional:-->
            <stuf:administratie>?</stuf:administratie>
            <!--Optional:-->
            <stuf:gebruiker>?</stuf:gebruiker>
         </stuf:ontvanger>
         <!--Optional:-->
         <stuf:referentienummer>?</stuf:referentienummer>
         <!--Optional:-->
         <stuf:tijdstipBericht>?</stuf:tijdstipBericht>
         <stuf:entiteittype>?</stuf:entiteittype>
      </request_header>
   </soapenv:Header>
   <soapenv:Body>
      <ns:npsSa04>
         <ns:object stuf:entiteittype="NPS" stuf:sleutelVerzendend="?" stuf:sleutelOntvangend="?" stuf:sleutelGegevensbeheer="?" stuf:sleutelSynchronisatie="?" stuf:verwerkingssoort="?">
            <!--You have a CHOICE of the next 2 items at this level-->
            <!--Optional:-->
            <ns:inp.bsn stuf:noValue="?" stuf:exact="true">?</ns:inp.bsn>
            <!--Optional:-->
            <ns:authentiek>N</ns:authentiek>
            <!--Optional:-->
            <ns:anp.identificatie stuf:noValue="?" stuf:exact="true">?</ns:anp.identificatie>
            <!--Optional:-->
            <ns:inp.a-nummer stuf:noValue="?" stuf:exact="true">?</ns:inp.a-nummer>
            <!--Optional:-->
            <ns:geslachtsnaam stuf:noValue="?" stuf:exact="true">?</ns:geslachtsnaam>
            <!--Optional:-->
            <ns:voorvoegselGeslachtsnaam stuf:noValue="?" stuf:exact="true">?</ns:voorvoegselGeslachtsnaam>
            <!--Optional:-->
            <ns:voorletters stuf:noValue="?" stuf:exact="true">?</ns:voorletters>
            <!--Optional:-->
            <ns:voornamen stuf:noValue="?" stuf:exact="true">?</ns:voornamen>
            <!--Optional:-->
            <ns:geslachtsaanduiding stuf:noValue="?" stuf:exact="true">?</ns:geslachtsaanduiding>
            <!--Optional:-->
            <ns:geboortedatum stuf:noValue="?" stuf:exact="true" stuf:indOnvolledigeDatum="V">?</ns:geboortedatum>
            <!--You have a CHOICE of the next 2 items at this level-->
            <!--Optional:-->
            <ns:verblijfsadres>
               <!--Optional:-->
               <ns:aoa.identificatie stuf:noValue="?" stuf:exact="true">?</ns:aoa.identificatie>
               <!--Optional:-->
               <ns:authentiek>N</ns:authentiek>
               <!--Optional:-->
               <ns:wpl.woonplaatsNaam stuf:noValue="?" stuf:exact="true">?</ns:wpl.woonplaatsNaam>
               <!--Optional:-->
               <ns:gor.openbareRuimteNaam stuf:noValue="?" stuf:exact="true">?</ns:gor.openbareRuimteNaam>
               <!--Optional:-->
               <ns:aoa.postcode stuf:noValue="?" stuf:exact="true">?</ns:aoa.postcode>
               <!--Optional:-->
               <ns:aoa.huisnummer stuf:noValue="?" stuf:exact="true">?</ns:aoa.huisnummer>
               <!--Optional:-->
               <ns:aoa.huisletter stuf:noValue="?" stuf:exact="true">?</ns:aoa.huisletter>
               <!--Optional:-->
               <ns:aoa.huisnummertoevoeging stuf:noValue="?" stuf:exact="true">?</ns:aoa.huisnummertoevoeging>
               <!--Optional:-->
               <ns:inp.locatiebeschrijving stuf:noValue="?" stuf:exact="true">?</ns:inp.locatiebeschrijving>
            </ns:verblijfsadres>
            <!--Optional:-->
            <ns:sub.verblijfBuitenland>
               <!--Optional:-->
               <ns:lnd.landcode stuf:noValue="?" stuf:exact="true">?</ns:lnd.landcode>
               <!--Optional:-->
               <ns:lnd.landnaam stuf:noValue="?" stuf:exact="true">?</ns:lnd.landnaam>
               <!--Optional:-->
               <ns:sub.adresBuitenland1 stuf:noValue="?" stuf:exact="true">?</ns:sub.adresBuitenland1>
               <!--Optional:-->
               <ns:sub.adresBuitenland2 stuf:noValue="?" stuf:exact="true">?</ns:sub.adresBuitenland2>
               <!--Optional:-->
               <ns:sub.adresBuitenland3 stuf:noValue="?" stuf:exact="true">?</ns:sub.adresBuitenland3>
            </ns:sub.verblijfBuitenland>
         </ns:object>
      </ns:npsSa04>
   </soapenv:Body>
</soapenv:Envelope>