<soapenv:Envelope xmlns:soapenv="http://schemas.xmlsoap.org/soap/envelope/" xmlns:stuf="http://www.egem.nl/StUF/StUF0301" xmlns:ns="http://www.egem.nl/StUF/sector/bg/0310">
   <soapenv:Header>
      <response_header>
         <stuf:berichtcode>?</stuf:berichtcode>
         <!--Optional:-->
         <stuf:zender>
            <!--Optional:-->
            <stuf:organisatie>?</stuf:organisatie>
            <stuf:applicatie>?</stuf:applicatie>
            <!--Optional:-->
            <stuf:administratie>?</stuf:administratie>
            <!--Optional:-->
            <stuf:gebruiker>?</stuf:gebruiker>
         </stuf:zender>
         <!--Optional:-->
         <stuf:ontvanger>
            <!--Optional:-->
            <stuf:organisatie>?</stuf:organisatie>
            <stuf:applicatie>?</stuf:applicatie>
            <!--Optional:-->
            <stuf:administratie>?</stuf:administratie>
            <!--Optional:-->
            <stuf:gebruiker>?</stuf:gebruiker>
         </stuf:ontvanger>
         <!--Optional:-->
         <stuf:referentienummer>?</stuf:referentienummer>
         <!--Optional:-->
         <stuf:tijdstipBericht>?</stuf:tijdstipBericht>
         <stuf:entiteittype>?</stuf:entiteittype>
      </response_header>
   </soapenv:Header>
   <soapenv:Body>
      <ns:npsSa02>
         <ns:actueel>
            <ns:parameters>
               <stuf:mutatiesoort>T</stuf:mutatiesoort>
            </ns:parameters>
            <ns:object stuf:entiteittype="NPS" stuf:sleutelSynchronisatie="?" stuf:verwerkingssoort="?" stuf:sleutelVerzendend="?" stuf:sleutelOntvangend="?" stuf:sleutelGegevensbeheer="?">
               <!--You have a CHOICE of the next 2 items at this level-->
               <!--Optional:-->
               <ns:inp.bsn stuf:noValue="?" stuf:exact="true">?</ns:inp.bsn>
               <!--Optional:-->
               <ns:authentiek>N</ns:authentiek>
               <ns:anp.identificatie stuf:noValue="?" stuf:exact="true">?</ns:anp.identificatie>
               <!--Optional:-->
               <ns:sub.typering stuf:noValue="?" stuf:exact="true">?</ns:sub.typering>
               <!--Optional:-->
               <ns:inp.a-nummer stuf:noValue="?" stuf:exact="true">?</ns:inp.a-nummer>
               <!--Optional:-->
               <ns:geslachtsnaam stuf:noValue="?" stuf:exact="true">?</ns:geslachtsnaam>
               <!--Optional:-->
               <ns:voorvoegselGeslachtsnaam stuf:noValue="?" stuf:exact="true">?</ns:voorvoegselGeslachtsnaam>
               <!--Optional:-->
               <ns:voorletters stuf:noValue="?" stuf:exact="true">?</ns:voorletters>
               <!--Optional:-->
               <ns:voornamen stuf:noValue="?" stuf:exact="true">?</ns:voornamen>
               <!--Optional:-->
               <ns:aanduidingNaamgebruik stuf:noValue="?" stuf:exact="true">?</ns:aanduidingNaamgebruik>
               <!--Optional:-->
               <ns:geslachtsnaamPartner stuf:noValue="?" stuf:exact="true">?</ns:geslachtsnaamPartner>
               <!--Optional:-->
               <ns:voorvoegselGeslachtsnaamPartner stuf:noValue="?" stuf:exact="true">?</ns:voorvoegselGeslachtsnaamPartner>
               <!--Optional:-->
               <ns:aanhefAanschrijving stuf:noValue="?" stuf:exact="true">?</ns:aanhefAanschrijving>
               <!--Optional:-->
               <ns:voornamenAanschrijving stuf:noValue="?" stuf:exact="true">?</ns:voornamenAanschrijving>
               <!--Optional:-->
               <ns:geslachtsnaamAanschrijving stuf:noValue="?" stuf:exact="true">?</ns:geslachtsnaamAanschrijving>
               <!--Optional:-->
               <ns:adellijkeTitelPredikaat stuf:noValue="?" stuf:exact="true">?</ns:adellijkeTitelPredikaat>
               <!--Optional:-->
               <ns:geslachtsaanduiding stuf:noValue="?" stuf:exact="true">?</ns:geslachtsaanduiding>
               <!--Optional:-->
               <ns:geboortedatum stuf:noValue="?" stuf:exact="true" stuf:indOnvolledigeDatum="V">?</ns:geboortedatum>
               <!--Optional:-->
               <ns:inp.geboorteplaats stuf:noValue="?" stuf:exact="true">?</ns:inp.geboorteplaats>
               <!--Optional:-->
               <ns:inp.geboorteLand stuf:noValue="?" stuf:exact="true">?</ns:inp.geboorteLand>
               <!--Optional:-->
               <ns:overlijdensdatum stuf:noValue="?" stuf:exact="true" stuf:indOnvolledigeDatum="V">?</ns:overlijdensdatum>
               <!--Optional:-->
               <ns:inp.overlijdenplaats stuf:noValue="?" stuf:exact="true">?</ns:inp.overlijdenplaats>
               <!--Optional:-->
               <ns:inp.overlijdenLand stuf:noValue="?" stuf:exact="true">?</ns:inp.overlijdenLand>
               <!--Optional:-->
               <ns:inp.verblijftIn stuf:entiteittype="NPSTGO" stuf:sleutelSynchronisatie="?" stuf:verwerkingssoort="?" stuf:sleutelVerzendend="?" stuf:sleutelOntvangend="?" stuf:sleutelGegevensbeheer="?" stuf:noValue="?">
                  <ns:gerelateerde stuf:verwerkingssoort="?" stuf:entiteittype="TGO" stuf:sleutelVerzendend="?" stuf:sleutelOntvangend="?" stuf:sleutelGegevensbeheer="?" stuf:sleutelSynchronisatie="?">
                     <!--Optional:-->
                     <ns:identificatie stuf:noValue="?" stuf:exact="true">?</ns:identificatie>
                     <!--Optional:-->
                     <ns:authentiek>N</ns:authentiek>
                     <!--Optional:-->
                     <ns:typering stuf:noValue="?" stuf:exact="true">?</ns:typering>
                     <!--Optional:-->
                     <ns:adresAanduidingGrp>
                        <!--You have a CHOICE of the next 2 items at this level-->
                        <ns:num.identificatie stuf:noValue="?" stuf:exact="true">?</ns:num.identificatie>
                        <ns:oao.identificatie stuf:noValue="?" stuf:exact="true">?</ns:oao.identificatie>
                        <!--Optional:-->
                        <ns:authentiek>N</ns:authentiek>
                        <!--Optional:-->
                        <ns:wpl.woonplaatsNaam stuf:noValue="?" stuf:exact="true">?</ns:wpl.woonplaatsNaam>
                        <!--Optional:-->
                        <ns:gor.openbareRuimteNaam stuf:noValue="?" stuf:exact="true">?</ns:gor.openbareRuimteNaam>
                        <!--Optional:-->
                        <ns:aoa.postcode stuf:noValue="?" stuf:exact="true">?</ns:aoa.postcode>
                        <!--Optional:-->
                        <ns:aoa.huisnummer stuf:noValue="?" stuf:exact="true">?</ns:aoa.huisnummer>
                        <!--Optional:-->
                        <ns:aoa.huisletter stuf:noValue="?" stuf:exact="true">?</ns:aoa.huisletter>
                        <!--Optional:-->
                        <ns:aoa.huisnummertoevoeging stuf:noValue="?" stuf:exact="true">?</ns:aoa.huisnummertoevoeging>
                        <!--Optional:-->
                        <ns:ogo.locatieAanduiding stuf:noValue="?" stuf:exact="true">?</ns:ogo.locatieAanduiding>
                     </ns:adresAanduidingGrp>
                  </ns:gerelateerde>
                  <!--Optional:-->
                  <ns:inOnderzoek stuf:metagegeven="true" groepsnaam="Verblijfplaats" stuf:noValue="?">?</ns:inOnderzoek>
                  <!--Optional:-->
                  <ns:brondocument stuf:metagegeven="true" groepsnaam="?" elementnaam="?">
                     <!--Optional:-->
                     <ns:identificatie stuf:noValue="?" stuf:exact="true">?</ns:identificatie>
                     <!--Optional:-->
                     <ns:datum stuf:noValue="?" stuf:exact="true" stuf:indOnvolledigeDatum="V">?</ns:datum>
                     <!--Optional:-->
                     <ns:omschrijving stuf:noValue="?" stuf:exact="true">?</ns:omschrijving>
                     <!--Optional:-->
                     <ns:gemeente stuf:noValue="?" stuf:exact="true">?</ns:gemeente>
                     <!--Optional:-->
                     <ns:aktegemeente stuf:noValue="?" stuf:exact="true">?</ns:aktegemeente>
                  </ns:brondocument>
                  <!--Optional:-->
                  <stuf:tijdvakRelatie>
                     <stuf:beginRelatie stuf:noValue="?" stuf:exact="true" stuf:indOnvolledigeDatum="V">?</stuf:beginRelatie>
                     <!--Optional:-->
                     <stuf:eindRelatie stuf:noValue="?" stuf:exact="true" stuf:indOnvolledigeDatum="V">?</stuf:eindRelatie>
                  </stuf:tijdvakRelatie>
                  <!--Optional:-->
                  <stuf:tijdvakGeldigheid>
                     <stuf:beginGeldigheid stuf:noValue="?" stuf:exact="true" stuf:indOnvolledigeDatum="V">?</stuf:beginGeldigheid>
                     <stuf:eindGeldigheid stuf:noValue="?" stuf:exact="true" stuf:indOnvolledigeDatum="V">?</stuf:eindGeldigheid>
                  </stuf:tijdvakGeldigheid>
                  <!--Optional:-->
                  <stuf:tijdstipRegistratie stuf:noValue="?" stuf:exact="true">?</stuf:tijdstipRegistratie>
                  <!--Optional:-->
                  <stuf:extraElementen>
                     <!--1 or more repetitions:-->
                     <stuf:extraElement stuf:noValue="?" stuf:exact="true" naam="?" stuf:indOnvolledigeDatum="V">?</stuf:extraElement>
                  </stuf:extraElementen>
               </ns:inp.verblijftIn>
               <!--You have a CHOICE of the next 2 items at this level-->
               <ns:verblijfsadres>
                  <!--Optional:-->
                  <ns:aoa.identificatie stuf:noValue="?" stuf:exact="true">?</ns:aoa.identificatie>
                  <!--Optional:-->
                  <ns:authentiek>N</ns:authentiek>
                  <!--Optional:-->
                  <ns:wpl.identificatie stuf:noValue="?" stuf:exact="true">?</ns:wpl.identificatie>
                  <!--Optional:-->
                  <ns:wpl.woonplaatsNaam stuf:noValue="?" stuf:exact="true">?</ns:wpl.woonplaatsNaam>
                  <!--Optional:-->
                  <ns:aoa.woonplaatsWaarinGelegen>
                     <!--Optional:-->
                     <ns:wpl.identificatie stuf:noValue="?" stuf:exact="true">?</ns:wpl.identificatie>
                     <!--Optional:-->
                     <ns:wpl.woonplaatsNaam stuf:noValue="?" stuf:exact="true">?</ns:wpl.woonplaatsNaam>
                  </ns:aoa.woonplaatsWaarinGelegen>
                  <!--Optional:-->
                  <ns:gor.identificatie stuf:noValue="?" stuf:exact="true">?</ns:gor.identificatie>
                  <!--Optional:-->
                  <ns:opr.identificatie stuf:noValue="?" stuf:exact="true">?</ns:opr.identificatie>
                  <!--Optional:-->
                  <ns:gor.openbareRuimteNaam stuf:noValue="?" stuf:exact="true">?</ns:gor.openbareRuimteNaam>
                  <!--Optional:-->
                  <ns:gor.straatnaam stuf:noValue="?" stuf:exact="true">?</ns:gor.straatnaam>
                  <!--Optional:-->
                  <ns:aoa.postcode stuf:noValue="?" stuf:exact="true">?</ns:aoa.postcode>
                  <!--Optional:-->
                  <ns:aoa.huisnummer stuf:noValue="?" stuf:exact="true">?</ns:aoa.huisnummer>
                  <!--Optional:-->
                  <ns:aoa.huisletter stuf:noValue="?" stuf:exact="true">?</ns:aoa.huisletter>
                  <!--Optional:-->
                  <ns:aoa.huisnummertoevoeging stuf:noValue="?" stuf:exact="true">?</ns:aoa.huisnummertoevoeging>
                  <!--Optional:-->
                  <ns:inp.locatiebeschrijving stuf:noValue="?" stuf:exact="true">?</ns:inp.locatiebeschrijving>
                  <!--Optional:-->
                  <ns:begindatumVerblijf stuf:noValue="?" stuf:exact="true" stuf:indOnvolledigeDatum="V">?</ns:begindatumVerblijf>
               </ns:verblijfsadres>
               <ns:sub.verblijfBuitenland>
                  <!--Optional:-->
                  <ns:lnd.landcode stuf:noValue="?" stuf:exact="true">?</ns:lnd.landcode>
                  <!--Optional:-->
                  <ns:lnd.landnaam stuf:noValue="?" stuf:exact="true">?</ns:lnd.landnaam>
                  <!--Optional:-->
                  <ns:sub.adresBuitenland1 stuf:noValue="?" stuf:exact="true">?</ns:sub.adresBuitenland1>
                  <!--Optional:-->
                  <ns:sub.adresBuitenland2 stuf:noValue="?" stuf:exact="true">?</ns:sub.adresBuitenland2>
                  <!--Optional:-->
                  <ns:sub.adresBuitenland3 stuf:noValue="?" stuf:exact="true">?</ns:sub.adresBuitenland3>
               </ns:sub.verblijfBuitenland>
               <!--Optional:-->
               <ns:inp.adresHerkomst stuf:noValue="?" stuf:exact="true">?</ns:inp.adresHerkomst>
               <!--Optional:-->
               <ns:sub.correspondentieAdres>
                  <!--Optional:-->
                  <ns:typering stuf:noValue="?" stuf:exact="true">?</ns:typering>
                  <!--Optional:-->
                  <ns:wpl.woonplaatsNaam stuf:noValue="?" stuf:exact="true">?</ns:wpl.woonplaatsNaam>
                  <!--Optional:-->
                  <ns:aoa.woonplaatsWaarinGelegen>
                     <!--Optional:-->
                     <ns:wpl.identificatie stuf:noValue="?" stuf:exact="true">?</ns:wpl.identificatie>
                  </ns:aoa.woonplaatsWaarinGelegen>
                  <!--Optional:-->
                  <ns:postcode stuf:noValue="?" stuf:exact="true">?</ns:postcode>
                  <!--You have a CHOICE of the next 2 items at this level-->
                  <!--Optional:-->
                  <ns:aoa.identificatie stuf:noValue="?" stuf:exact="true">?</ns:aoa.identificatie>
                  <!--Optional:-->
                  <ns:authentiek>N</ns:authentiek>
                  <!--Optional:-->
                  <ns:wpl.identificatie stuf:noValue="?" stuf:exact="true">?</ns:wpl.identificatie>
                  <!--Optional:-->
                  <ns:opr.identificatie stuf:noValue="?" stuf:exact="true">?</ns:opr.identificatie>
                  <!--Optional:-->
                  <ns:gor.openbareRuimteNaam stuf:noValue="?" stuf:exact="true">?</ns:gor.openbareRuimteNaam>
                  <!--Optional:-->
                  <ns:gor.straatnaam stuf:noValue="?" stuf:exact="true">?</ns:gor.straatnaam>
                  <!--Optional:-->
                  <ns:aoa.huisnummer stuf:noValue="?" stuf:exact="true">?</ns:aoa.huisnummer>
                  <!--Optional:-->
                  <ns:aoa.huisletter stuf:noValue="?" stuf:exact="true">?</ns:aoa.huisletter>
                  <!--Optional:-->
                  <ns:aoa.huisnummertoevoeging stuf:noValue="?" stuf:exact="true">?</ns:aoa.huisnummertoevoeging>
                  <ns:sub.postadresType stuf:noValue="?" stuf:exact="true">?</ns:sub.postadresType>
                  <ns:sub.postadresNummer stuf:noValue="?" stuf:exact="true">?</ns:sub.postadresNummer>
               </ns:sub.correspondentieAdres>
               <!--Optional:-->
               <ns:sub.telefoonnummer stuf:noValue="?" stuf:exact="true">?</ns:sub.telefoonnummer>
               <!--Optional:-->
               <ns:sub.faxnummer stuf:noValue="?" stuf:exact="true">?</ns:sub.faxnummer>
               <!--Optional:-->
               <ns:sub.emailadres stuf:noValue="?" stuf:exact="true">?</ns:sub.emailadres>
               <!--Optional:-->
               <ns:sub.url stuf:noValue="?" stuf:exact="true">?</ns:sub.url>
               <!--Optional:-->
               <ns:sub.rekeningnummerBankGiro stuf:noValue="?" stuf:exact="true">?</ns:sub.rekeningnummerBankGiro>
               <!--0 to 3 repetitions:-->
               <ns:acd.code stuf:noValue="?" stuf:exact="true">?</ns:acd.code>
               <!--Optional:-->
               <ns:inp.burgerlijkeStaat stuf:noValue="?" stuf:exact="true">?</ns:inp.burgerlijkeStaat>
               <!--Optional:-->
               <ns:inp.gemeenteVanInschrijving stuf:noValue="?" stuf:exact="true">?</ns:inp.gemeenteVanInschrijving>
               <!--Optional:-->
               <ns:inp.datumInschrijving stuf:noValue="?" stuf:exact="true" stuf:indOnvolledigeDatum="V">?</ns:inp.datumInschrijving>
               <!--Optional:-->
               <ns:vbt.aanduidingVerblijfstitel stuf:noValue="?" stuf:exact="true">?</ns:vbt.aanduidingVerblijfstitel>
               <!--Optional:-->
               <ns:ing.datumVerkrijgingVerblijfstitel stuf:noValue="?" stuf:exact="true" stuf:indOnvolledigeDatum="V">?</ns:ing.datumVerkrijgingVerblijfstitel>
               <!--Optional:-->
               <ns:ing.datumVerliesVerblijfstitel stuf:noValue="?" stuf:exact="true" stuf:indOnvolledigeDatum="V">?</ns:ing.datumVerliesVerblijfstitel>
               <!--Optional:-->
               <ns:inp.datumVestigingInNederland stuf:noValue="?" stuf:exact="true" stuf:indOnvolledigeDatum="V">?</ns:inp.datumVestigingInNederland>
               <!--Optional:-->
               <ns:inp.immigratieLand stuf:noValue="?" stuf:exact="true">?</ns:inp.immigratieLand>
               <!--Optional:-->
               <ns:inp.datumVertrekUitNederland stuf:noValue="?" stuf:exact="true" stuf:indOnvolledigeDatum="V">?</ns:inp.datumVertrekUitNederland>
               <!--Optional:-->
               <ns:inp.emigratieLand stuf:noValue="?" stuf:exact="true">?</ns:inp.emigratieLand>
               <!--Optional:-->
               <ns:inp.signaleringReisdocument stuf:noValue="?" stuf:exact="true">?</ns:inp.signaleringReisdocument>
               <!--Optional:-->
               <ns:inp.aanduidingBijzonderNederlanderschap stuf:noValue="?" stuf:exact="true">?</ns:inp.aanduidingBijzonderNederlanderschap>
               <!--Optional:-->
               <ns:inp.buitenlandsReisdocument stuf:noValue="?" stuf:exact="true">?</ns:inp.buitenlandsReisdocument>
               <!--Optional:-->
               <ns:ing.aanduidingEuropeesKiesrecht stuf:noValue="?" stuf:exact="true">?</ns:ing.aanduidingEuropeesKiesrecht>
               <!--Optional:-->
               <ns:ing.aanduidingUitgeslotenKiesrecht stuf:noValue="?" stuf:exact="true">?</ns:ing.aanduidingUitgeslotenKiesrecht>
               <!--Optional:-->
               <ns:ing.indicatieGezagMinderjarige stuf:noValue="?" stuf:exact="true">?</ns:ing.indicatieGezagMinderjarige>
               <!--Optional:-->
               <ns:ing.indicatieCurateleRegister stuf:noValue="?" stuf:exact="true">?</ns:ing.indicatieCurateleRegister>
               <!--Optional:-->
               <ns:inp.datumOpschortingBijhouding stuf:noValue="?" stuf:exact="true" stuf:indOnvolledigeDatum="V">?</ns:inp.datumOpschortingBijhouding>
               <!--Optional:-->
               <ns:inp.redenOpschortingBijhouding stuf:noValue="?" stuf:exact="true">?</ns:inp.redenOpschortingBijhouding>
               <!--Optional:-->
               <ns:inp.indicatieGeheim stuf:noValue="?" stuf:exact="true">?</ns:inp.indicatieGeheim>
               <!--Optional:-->
               <ns:ing.indicatieBlokkering stuf:noValue="?" stuf:exact="true">?</ns:ing.indicatieBlokkering>
               <!--Zero or more repetitions:-->
               <ns:inOnderzoek stuf:metagegeven="true" groepsnaam="?" elementnaam="?" stuf:noValue="?">?</ns:inOnderzoek>
               <!--Zero or more repetitions:-->
               <ns:aanduidingStrijdigheidNietigheid stuf:metagegeven="true" groepsnaam="?" elementnaam="?" stuf:noValue="?">?</ns:aanduidingStrijdigheidNietigheid>
               <!--Zero or more repetitions:-->
               <ns:brondocument stuf:metagegeven="true" groepsnaam="?" elementnaam="?">
                  <!--Optional:-->
                  <ns:identificatie stuf:noValue="?" stuf:exact="true">?</ns:identificatie>
                  <!--Optional:-->
                  <ns:datum stuf:noValue="?" stuf:exact="true" stuf:indOnvolledigeDatum="V">?</ns:datum>
                  <!--Optional:-->
                  <ns:omschrijving stuf:noValue="?" stuf:exact="true">?</ns:omschrijving>
                  <!--Optional:-->
                  <ns:gemeente stuf:noValue="?" stuf:exact="true">?</ns:gemeente>
                  <!--Optional:-->
                  <ns:aktegemeente stuf:noValue="?" stuf:exact="true">?</ns:aktegemeente>
               </ns:brondocument>
               <!--Optional:-->
               <stuf:tijdvakGeldigheid>
                  <stuf:beginGeldigheid stuf:noValue="?" stuf:exact="true" stuf:indOnvolledigeDatum="V">?</stuf:beginGeldigheid>
                  <stuf:eindGeldigheid stuf:noValue="?" stuf:exact="true" stuf:indOnvolledigeDatum="V">?</stuf:eindGeldigheid>
               </stuf:tijdvakGeldigheid>
               <!--Optional:-->
               <stuf:tijdstipRegistratie stuf:noValue="?" stuf:exact="true">?</stuf:tijdstipRegistratie>
               <!--Optional:-->
               <stuf:extraElementen>
                  <!--1 or more repetitions:-->
                  <stuf:extraElement stuf:noValue="?" stuf:exact="true" naam="?" stuf:indOnvolledigeDatum="V">?</stuf:extraElement>
               </stuf:extraElementen>
               <!--Zero or more repetitions:-->
               <ns:inp.heeftAlsEchtgenootPartner stuf:entiteittype="NPSNPSHUW" stuf:sleutelSynchronisatie="?" stuf:verwerkingssoort="?" stuf:aantalVoorkomens="?" stuf:aardAantal="?" stuf:sleutelVerzendend="?" stuf:sleutelOntvangend="?" stuf:sleutelGegevensbeheer="?" stuf:noValue="?">
                  <ns:gerelateerde stuf:verwerkingssoort="?" stuf:entiteittype="NPS" stuf:sleutelVerzendend="?" stuf:sleutelOntvangend="?" stuf:sleutelGegevensbeheer="?" stuf:sleutelSynchronisatie="?">
                     <!--You have a CHOICE of the next 2 items at this level-->
                     <!--Optional:-->
                     <ns:inp.bsn stuf:noValue="?" stuf:exact="true">?</ns:inp.bsn>
                     <!--Optional:-->
                     <ns:authentiek>N</ns:authentiek>
                     <ns:anp.identificatie stuf:noValue="?" stuf:exact="true">?</ns:anp.identificatie>
                     <!--Optional:-->
                     <ns:inp.a-nummer stuf:noValue="?" stuf:exact="true">?</ns:inp.a-nummer>
                     <!--Optional:-->
                     <ns:geslachtsnaam stuf:noValue="?" stuf:exact="true">?</ns:geslachtsnaam>
                     <!--Optional:-->
                     <ns:voorvoegselGeslachtsnaam stuf:noValue="?" stuf:exact="true">?</ns:voorvoegselGeslachtsnaam>
                     <!--Optional:-->
                     <ns:voorletters stuf:noValue="?" stuf:exact="true">?</ns:voorletters>
                     <!--Optional:-->
                     <ns:voornamen stuf:noValue="?" stuf:exact="true">?</ns:voornamen>
                     <!--Optional:-->
                     <ns:adellijkeTitelPredikaat stuf:noValue="?" stuf:exact="true">?</ns:adellijkeTitelPredikaat>
                     <!--Optional:-->
                     <ns:geslachtsaanduiding stuf:noValue="?" stuf:exact="true">?</ns:geslachtsaanduiding>
                     <!--Optional:-->
                     <ns:geboortedatum stuf:noValue="?" stuf:exact="true" stuf:indOnvolledigeDatum="V">?</ns:geboortedatum>
                     <!--Optional:-->
                     <ns:inp.geboorteplaats stuf:noValue="?" stuf:exact="true">?</ns:inp.geboorteplaats>
                     <!--Optional:-->
                     <ns:inp.geboorteLand stuf:noValue="?" stuf:exact="true">?</ns:inp.geboorteLand>
                     <!--You have a CHOICE of the next 2 items at this level-->
                     <ns:verblijfsadres>
                        <!--Optional:-->
                        <ns:aoa.identificatie stuf:noValue="?" stuf:exact="true">?</ns:aoa.identificatie>
                        <!--Optional:-->
                        <ns:authentiek>N</ns:authentiek>
                        <!--Optional:-->
                        <ns:wpl.woonplaatsNaam stuf:noValue="?" stuf:exact="true">?</ns:wpl.woonplaatsNaam>
                        <!--Optional:-->
                        <ns:gor.openbareRuimteNaam stuf:noValue="?" stuf:exact="true">?</ns:gor.openbareRuimteNaam>
                        <!--Optional:-->
                        <ns:aoa.postcode stuf:noValue="?" stuf:exact="true">?</ns:aoa.postcode>
                        <!--Optional:-->
                        <ns:aoa.huisnummer stuf:noValue="?" stuf:exact="true">?</ns:aoa.huisnummer>
                        <!--Optional:-->
                        <ns:aoa.huisletter stuf:noValue="?" stuf:exact="true">?</ns:aoa.huisletter>
                        <!--Optional:-->
                        <ns:aoa.huisnummertoevoeging stuf:noValue="?" stuf:exact="true">?</ns:aoa.huisnummertoevoeging>
                        <!--Optional:-->
                        <ns:inp.locatiebeschrijving stuf:noValue="?" stuf:exact="true">?</ns:inp.locatiebeschrijving>
                     </ns:verblijfsadres>
                     <ns:sub.verblijfBuitenland>
                        <!--Optional:-->
                        <ns:lnd.landcode stuf:noValue="?" stuf:exact="true">?</ns:lnd.landcode>
                        <!--Optional:-->
                        <ns:lnd.landnaam stuf:noValue="?" stuf:exact="true">?</ns:lnd.landnaam>
                        <!--Optional:-->
                        <ns:sub.adresBuitenland1 stuf:noValue="?" stuf:exact="true">?</ns:sub.adresBuitenland1>
                        <!--Optional:-->
                        <ns:sub.adresBuitenland2 stuf:noValue="?" stuf:exact="true">?</ns:sub.adresBuitenland2>
                        <!--Optional:-->
                        <ns:sub.adresBuitenland3 stuf:noValue="?" stuf:exact="true">?</ns:sub.adresBuitenland3>
                     </ns:sub.verblijfBuitenland>
                     <!--Optional:-->
                     <stuf:extraElementen>
                        <!--1 or more repetitions:-->
                        <stuf:extraElement stuf:noValue="?" stuf:exact="true" naam="?" stuf:indOnvolledigeDatum="V">?</stuf:extraElement>
                     </stuf:extraElementen>
                  </ns:gerelateerde>
                  <!--Optional:-->
                  <ns:soortVerbintenis stuf:noValue="?" stuf:exact="true">?</ns:soortVerbintenis>
                  <!--Optional:-->
                  <ns:datumSluiting stuf:noValue="?" stuf:exact="true" stuf:indOnvolledigeDatum="V">?</ns:datumSluiting>
                  <!--Optional:-->
                  <ns:plaatsSluiting stuf:noValue="?" stuf:exact="true">?</ns:plaatsSluiting>
                  <!--Optional:-->
                  <ns:landSluiting stuf:noValue="?" stuf:exact="true">?</ns:landSluiting>
                  <!--Optional:-->
                  <ns:datumOntbinding stuf:noValue="?" stuf:exact="true" stuf:indOnvolledigeDatum="V">?</ns:datumOntbinding>
                  <!--Optional:-->
                  <ns:plaatsOntbinding stuf:noValue="?" stuf:exact="true">?</ns:plaatsOntbinding>
                  <!--Optional:-->
                  <ns:landOntbinding stuf:noValue="?" stuf:exact="true">?</ns:landOntbinding>
                  <!--Optional:-->
                  <ns:redenOntbinding stuf:noValue="?" stuf:exact="true">?</ns:redenOntbinding>
                  <!--Zero or more repetitions:-->
                  <ns:inOnderzoek stuf:metagegeven="true" groepsnaam="?" elementnaam="?" stuf:noValue="?">?</ns:inOnderzoek>
                  <!--Zero or more repetitions:-->
                  <ns:aanduidingStrijdigheidNietigheid stuf:metagegeven="true" groepsnaam="?" elementnaam="?" stuf:noValue="?">?</ns:aanduidingStrijdigheidNietigheid>
                  <!--Optional:-->
                  <ns:brondocument stuf:metagegeven="true">
                     <!--Optional:-->
                     <ns:identificatie stuf:noValue="?" stuf:exact="true">?</ns:identificatie>
                     <!--Optional:-->
                     <ns:datum stuf:noValue="?" stuf:exact="true" stuf:indOnvolledigeDatum="V">?</ns:datum>
                     <!--Optional:-->
                     <ns:omschrijving stuf:noValue="?" stuf:exact="true">?</ns:omschrijving>
                     <!--Optional:-->
                     <ns:gemeente stuf:noValue="?" stuf:exact="true">?</ns:gemeente>
                     <!--Optional:-->
                     <ns:aktegemeente stuf:noValue="?" stuf:exact="true">?</ns:aktegemeente>
                  </ns:brondocument>
                  <!--Optional:-->
                  <stuf:tijdvakGeldigheid>
                     <stuf:beginGeldigheid stuf:noValue="?" stuf:exact="true" stuf:indOnvolledigeDatum="V">?</stuf:beginGeldigheid>
                     <stuf:eindGeldigheid stuf:noValue="?" stuf:exact="true" stuf:indOnvolledigeDatum="V">?</stuf:eindGeldigheid>
                  </stuf:tijdvakGeldigheid>
                  <!--Optional:-->
                  <stuf:tijdstipRegistratie stuf:noValue="?" stuf:exact="true">?</stuf:tijdstipRegistratie>
                  <!--Optional:-->
                  <stuf:extraElementen>
                     <!--1 or more repetitions:-->
                     <stuf:extraElement stuf:noValue="?" stuf:exact="true" naam="?" stuf:indOnvolledigeDatum="V">?</stuf:extraElement>
                  </stuf:extraElementen>
               </ns:inp.heeftAlsEchtgenootPartner>
               <!--Zero or more repetitions:-->
               <ns:inp.heeftAlsKinderen stuf:entiteittype="NPSNPSKND" stuf:sleutelSynchronisatie="?" stuf:verwerkingssoort="?" stuf:aantalVoorkomens="?" stuf:aardAantal="?" stuf:sleutelVerzendend="?" stuf:sleutelOntvangend="?" stuf:sleutelGegevensbeheer="?" stuf:noValue="?">
                  <ns:gerelateerde stuf:verwerkingssoort="?" stuf:entiteittype="NPS" stuf:sleutelVerzendend="?" stuf:sleutelOntvangend="?" stuf:sleutelGegevensbeheer="?" stuf:sleutelSynchronisatie="?">
                     <!--You have a CHOICE of the next 2 items at this level-->
                     <!--Optional:-->
                     <ns:inp.bsn stuf:noValue="?" stuf:exact="true">?</ns:inp.bsn>
                     <!--Optional:-->
                     <ns:authentiek>N</ns:authentiek>
                     <ns:anp.identificatie stuf:noValue="?" stuf:exact="true">?</ns:anp.identificatie>
                     <!--Optional:-->
                     <ns:inp.a-nummer stuf:noValue="?" stuf:exact="true">?</ns:inp.a-nummer>
                     <!--Optional:-->
                     <ns:geslachtsnaam stuf:noValue="?" stuf:exact="true">?</ns:geslachtsnaam>
                     <!--Optional:-->
                     <ns:voorvoegselGeslachtsnaam stuf:noValue="?" stuf:exact="true">?</ns:voorvoegselGeslachtsnaam>
                     <!--Optional:-->
                     <ns:voorletters stuf:noValue="?" stuf:exact="true">?</ns:voorletters>
                     <!--Optional:-->
                     <ns:voornamen stuf:noValue="?" stuf:exact="true">?</ns:voornamen>
                     <!--Optional:-->
                     <ns:adellijkeTitelPredikaat stuf:noValue="?" stuf:exact="true">?</ns:adellijkeTitelPredikaat>
                     <!--Optional:-->
                     <ns:geslachtsaanduiding stuf:noValue="?" stuf:exact="true">?</ns:geslachtsaanduiding>
                     <!--Optional:-->
                     <ns:geboortedatum stuf:noValue="?" stuf:exact="true" stuf:indOnvolledigeDatum="V">?</ns:geboortedatum>
                     <!--Optional:-->
                     <ns:inp.geboorteplaats stuf:noValue="?" stuf:exact="true">?</ns:inp.geboorteplaats>
                     <!--Optional:-->
                     <ns:inp.geboorteLand stuf:noValue="?" stuf:exact="true">?</ns:inp.geboorteLand>
                     <!--You have a CHOICE of the next 2 items at this level-->
                     <ns:verblijfsadres>
                        <!--Optional:-->
                        <ns:aoa.identificatie stuf:noValue="?" stuf:exact="true">?</ns:aoa.identificatie>
                        <!--Optional:-->
                        <ns:authentiek>N</ns:authentiek>
                        <!--Optional:-->
                        <ns:wpl.woonplaatsNaam stuf:noValue="?" stuf:exact="true">?</ns:wpl.woonplaatsNaam>
                        <!--Optional:-->
                        <ns:gor.openbareRuimteNaam stuf:noValue="?" stuf:exact="true">?</ns:gor.openbareRuimteNaam>
                        <!--Optional:-->
                        <ns:aoa.postcode stuf:noValue="?" stuf:exact="true">?</ns:aoa.postcode>
                        <!--Optional:-->
                        <ns:aoa.huisnummer stuf:noValue="?" stuf:exact="true">?</ns:aoa.huisnummer>
                        <!--Optional:-->
                        <ns:aoa.huisletter stuf:noValue="?" stuf:exact="true">?</ns:aoa.huisletter>
                        <!--Optional:-->
                        <ns:aoa.huisnummertoevoeging stuf:noValue="?" stuf:exact="true">?</ns:aoa.huisnummertoevoeging>
                        <!--Optional:-->
                        <ns:inp.locatiebeschrijving stuf:noValue="?" stuf:exact="true">?</ns:inp.locatiebeschrijving>
                     </ns:verblijfsadres>
                     <ns:sub.verblijfBuitenland>
                        <!--Optional:-->
                        <ns:lnd.landcode stuf:noValue="?" stuf:exact="true">?</ns:lnd.landcode>
                        <!--Optional:-->
                        <ns:lnd.landnaam stuf:noValue="?" stuf:exact="true">?</ns:lnd.landnaam>
                        <!--Optional:-->
                        <ns:sub.adresBuitenland1 stuf:noValue="?" stuf:exact="true">?</ns:sub.adresBuitenland1>
                        <!--Optional:-->
                        <ns:sub.adresBuitenland2 stuf:noValue="?" stuf:exact="true">?</ns:sub.adresBuitenland2>
                        <!--Optional:-->
                        <ns:sub.adresBuitenland3 stuf:noValue="?" stuf:exact="true">?</ns:sub.adresBuitenland3>
                     </ns:sub.verblijfBuitenland>
                     <!--Optional:-->
                     <stuf:extraElementen>
                        <!--1 or more repetitions:-->
                        <stuf:extraElement stuf:noValue="?" stuf:exact="true" naam="?" stuf:indOnvolledigeDatum="V">?</stuf:extraElement>
                     </stuf:extraElementen>
                  </ns:gerelateerde>
                  <!--Optional:-->
                  <ns:ouderAanduiding stuf:noValue="?" stuf:exact="true">?</ns:ouderAanduiding>
                  <!--Optional:-->
                  <ns:datumIngangFamilierechtelijkeBetrekking stuf:noValue="?" stuf:exact="true" stuf:indOnvolledigeDatum="V">?</ns:datumIngangFamilierechtelijkeBetrekking>
                  <!--Optional:-->
                  <ns:datumEindeFamilierechtelijkeBetrekking stuf:noValue="?" stuf:exact="true" stuf:indOnvolledigeDatum="V">?</ns:datumEindeFamilierechtelijkeBetrekking>
                  <!--Optional:-->
                  <ns:inOnderzoek stuf:metagegeven="true" stuf:noValue="?">?</ns:inOnderzoek>
                  <!--Optional:-->
                  <ns:aanduidingStrijdigheidNietigheid stuf:metagegeven="true" stuf:noValue="?">?</ns:aanduidingStrijdigheidNietigheid>
                  <!--Optional:-->
                  <ns:brondocument stuf:metagegeven="true">
                     <!--Optional:-->
                     <ns:identificatie stuf:noValue="?" stuf:exact="true">?</ns:identificatie>
                     <!--Optional:-->
                     <ns:datum stuf:noValue="?" stuf:exact="true" stuf:indOnvolledigeDatum="V">?</ns:datum>
                     <!--Optional:-->
                     <ns:omschrijving stuf:noValue="?" stuf:exact="true">?</ns:omschrijving>
                     <!--Optional:-->
                     <ns:gemeente stuf:noValue="?" stuf:exact="true">?</ns:gemeente>
                     <!--Optional:-->
                     <ns:aktegemeente stuf:noValue="?" stuf:exact="true">?</ns:aktegemeente>
                  </ns:brondocument>
                  <!--Optional:-->
                  <stuf:tijdvakGeldigheid>
                     <stuf:beginGeldigheid stuf:noValue="?" stuf:exact="true" stuf:indOnvolledigeDatum="V">?</stuf:beginGeldigheid>
                     <stuf:eindGeldigheid stuf:noValue="?" stuf:exact="true" stuf:indOnvolledigeDatum="V">?</stuf:eindGeldigheid>
                  </stuf:tijdvakGeldigheid>
                  <!--Optional:-->
                  <stuf:tijdstipRegistratie stuf:noValue="?" stuf:exact="true">?</stuf:tijdstipRegistratie>
                  <!--Optional:-->
                  <stuf:extraElementen>
                     <!--1 or more repetitions:-->
                     <stuf:extraElement stuf:noValue="?" stuf:exact="true" naam="?" stuf:indOnvolledigeDatum="V">?</stuf:extraElement>
                  </stuf:extraElementen>
               </ns:inp.heeftAlsKinderen>
               <!--0 to 2 repetitions:-->
               <ns:inp.heeftAlsOuders stuf:entiteittype="NPSNPSOUD" stuf:sleutelSynchronisatie="?" stuf:verwerkingssoort="?" stuf:aantalVoorkomens="?" stuf:aardAantal="?" stuf:sleutelVerzendend="?" stuf:sleutelOntvangend="?" stuf:sleutelGegevensbeheer="?" stuf:noValue="?">
                  <ns:gerelateerde stuf:verwerkingssoort="?" stuf:entiteittype="NPS" stuf:sleutelVerzendend="?" stuf:sleutelOntvangend="?" stuf:sleutelGegevensbeheer="?" stuf:sleutelSynchronisatie="?">
                     <!--You have a CHOICE of the next 2 items at this level-->
                     <!--Optional:-->
                     <ns:inp.bsn stuf:noValue="?" stuf:exact="true">?</ns:inp.bsn>
                     <!--Optional:-->
                     <ns:authentiek>N</ns:authentiek>
                     <ns:anp.identificatie stuf:noValue="?" stuf:exact="true">?</ns:anp.identificatie>
                     <!--Optional:-->
                     <ns:inp.a-nummer stuf:noValue="?" stuf:exact="true">?</ns:inp.a-nummer>
                     <!--Optional:-->
                     <ns:geslachtsnaam stuf:noValue="?" stuf:exact="true">?</ns:geslachtsnaam>
                     <!--Optional:-->
                     <ns:voorvoegselGeslachtsnaam stuf:noValue="?" stuf:exact="true">?</ns:voorvoegselGeslachtsnaam>
                     <!--Optional:-->
                     <ns:voorletters stuf:noValue="?" stuf:exact="true">?</ns:voorletters>
                     <!--Optional:-->
                     <ns:voornamen stuf:noValue="?" stuf:exact="true">?</ns:voornamen>
                     <!--Optional:-->
                     <ns:adellijkeTitelPredikaat stuf:noValue="?" stuf:exact="true">?</ns:adellijkeTitelPredikaat>
                     <!--Optional:-->
                     <ns:geslachtsaanduiding stuf:noValue="?" stuf:exact="true">?</ns:geslachtsaanduiding>
                     <!--Optional:-->
                     <ns:geboortedatum stuf:noValue="?" stuf:exact="true" stuf:indOnvolledigeDatum="V">?</ns:geboortedatum>
                     <!--Optional:-->
                     <ns:inp.geboorteplaats stuf:noValue="?" stuf:exact="true">?</ns:inp.geboorteplaats>
                     <!--Optional:-->
                     <ns:inp.geboorteLand stuf:noValue="?" stuf:exact="true">?</ns:inp.geboorteLand>
                     <!--You have a CHOICE of the next 2 items at this level-->
                     <ns:verblijfsadres>
                        <!--Optional:-->
                        <ns:aoa.identificatie stuf:noValue="?" stuf:exact="true">?</ns:aoa.identificatie>
                        <!--Optional:-->
                        <ns:authentiek>N</ns:authentiek>
                        <!--Optional:-->
                        <ns:wpl.woonplaatsNaam stuf:noValue="?" stuf:exact="true">?</ns:wpl.woonplaatsNaam>
                        <!--Optional:-->
                        <ns:gor.openbareRuimteNaam stuf:noValue="?" stuf:exact="true">?</ns:gor.openbareRuimteNaam>
                        <!--Optional:-->
                        <ns:aoa.postcode stuf:noValue="?" stuf:exact="true">?</ns:aoa.postcode>
                        <!--Optional:-->
                        <ns:aoa.huisnummer stuf:noValue="?" stuf:exact="true">?</ns:aoa.huisnummer>
                        <!--Optional:-->
                        <ns:aoa.huisletter stuf:noValue="?" stuf:exact="true">?</ns:aoa.huisletter>
                        <!--Optional:-->
                        <ns:aoa.huisnummertoevoeging stuf:noValue="?" stuf:exact="true">?</ns:aoa.huisnummertoevoeging>
                        <!--Optional:-->
                        <ns:inp.locatiebeschrijving stuf:noValue="?" stuf:exact="true">?</ns:inp.locatiebeschrijving>
                     </ns:verblijfsadres>
                     <ns:sub.verblijfBuitenland>
                        <!--Optional:-->
                        <ns:lnd.landcode stuf:noValue="?" stuf:exact="true">?</ns:lnd.landcode>
                        <!--Optional:-->
                        <ns:lnd.landnaam stuf:noValue="?" stuf:exact="true">?</ns:lnd.landnaam>
                        <!--Optional:-->
                        <ns:sub.adresBuitenland1 stuf:noValue="?" stuf:exact="true">?</ns:sub.adresBuitenland1>
                        <!--Optional:-->
                        <ns:sub.adresBuitenland2 stuf:noValue="?" stuf:exact="true">?</ns:sub.adresBuitenland2>
                        <!--Optional:-->
                        <ns:sub.adresBuitenland3 stuf:noValue="?" stuf:exact="true">?</ns:sub.adresBuitenland3>
                     </ns:sub.verblijfBuitenland>
                     <!--Optional:-->
                     <stuf:extraElementen>
                        <!--1 or more repetitions:-->
                        <stuf:extraElement stuf:noValue="?" stuf:exact="true" naam="?" stuf:indOnvolledigeDatum="V">?</stuf:extraElement>
                     </stuf:extraElementen>
                  </ns:gerelateerde>
                  <!--Optional:-->
                  <ns:ouderAanduiding stuf:noValue="?" stuf:exact="true">?</ns:ouderAanduiding>
                  <!--Optional:-->
                  <ns:datumIngangFamilierechtelijkeBetrekking stuf:noValue="?" stuf:exact="true" stuf:indOnvolledigeDatum="V">?</ns:datumIngangFamilierechtelijkeBetrekking>
                  <!--Optional:-->
                  <ns:datumEindeFamilierechtelijkeBetrekking stuf:noValue="?" stuf:exact="true" stuf:indOnvolledigeDatum="V">?</ns:datumEindeFamilierechtelijkeBetrekking>
                  <!--Optional:-->
                  <ns:inOnderzoek stuf:metagegeven="true" stuf:noValue="?">?</ns:inOnderzoek>
                  <!--Optional:-->
                  <ns:aanduidingStrijdigheidNietigheid stuf:metagegeven="true" stuf:noValue="?">?</ns:aanduidingStrijdigheidNietigheid>
                  <!--Optional:-->
                  <ns:brondocument stuf:metagegeven="true">
                     <!--Optional:-->
                     <ns:identificatie stuf:noValue="?" stuf:exact="true">?</ns:identificatie>
                     <!--Optional:-->
                     <ns:datum stuf:noValue="?" stuf:exact="true" stuf:indOnvolledigeDatum="V">?</ns:datum>
                     <!--Optional:-->
                     <ns:omschrijving stuf:noValue="?" stuf:exact="true">?</ns:omschrijving>
                     <!--Optional:-->
                     <ns:gemeente stuf:noValue="?" stuf:exact="true">?</ns:gemeente>
                     <!--Optional:-->
                     <ns:aktegemeente stuf:noValue="?" stuf:exact="true">?</ns:aktegemeente>
                  </ns:brondocument>
                  <!--Optional:-->
                  <stuf:tijdvakGeldigheid>
                     <stuf:beginGeldigheid stuf:noValue="?" stuf:exact="true" stuf:indOnvolledigeDatum="V">?</stuf:beginGeldigheid>
                     <stuf:eindGeldigheid stuf:noValue="?" stuf:exact="true" stuf:indOnvolledigeDatum="V">?</stuf:eindGeldigheid>
                  </stuf:tijdvakGeldigheid>
                  <!--Optional:-->
                  <stuf:tijdstipRegistratie stuf:noValue="?" stuf:exact="true">?</stuf:tijdstipRegistratie>
                  <!--Optional:-->
                  <stuf:extraElementen>
                     <!--1 or more repetitions:-->
                     <stuf:extraElement stuf:noValue="?" stuf:exact="true" naam="?" stuf:indOnvolledigeDatum="V">?</stuf:extraElement>
                  </stuf:extraElementen>
               </ns:inp.heeftAlsOuders>
               <!--Zero or more repetitions:-->
               <ns:inp.heeftAlsNationaliteit stuf:entiteittype="NPSNAT" stuf:sleutelSynchronisatie="?" stuf:verwerkingssoort="?" stuf:sleutelVerzendend="?" stuf:sleutelOntvangend="?" stuf:sleutelGegevensbeheer="?" stuf:noValue="?">
                  <ns:gerelateerde stuf:verwerkingssoort="?" stuf:entiteittype="NAT">
                     <ns:code stuf:noValue="?" stuf:exact="true">?</ns:code>
                  </ns:gerelateerde>
                  <!--Optional:-->
                  <ns:inp.redenVerkrijging stuf:noValue="?" stuf:exact="true">?</ns:inp.redenVerkrijging>
                  <!--Optional:-->
                  <ns:inp.datumVerkrijging stuf:noValue="?" stuf:exact="true" stuf:indOnvolledigeDatum="V">?</ns:inp.datumVerkrijging>
                  <!--Optional:-->
                  <ns:inp.redenVerlies stuf:noValue="?" stuf:exact="true">?</ns:inp.redenVerlies>
                  <!--Optional:-->
                  <ns:inp.datumVerlies stuf:noValue="?" stuf:exact="true" stuf:indOnvolledigeDatum="V">?</ns:inp.datumVerlies>
                  <!--Optional:-->
                  <ns:inOnderzoek stuf:metagegeven="true" stuf:noValue="?">?</ns:inOnderzoek>
                  <!--Optional:-->
                  <ns:aanduidingStrijdigheidNietigheid stuf:metagegeven="true" stuf:noValue="?">?</ns:aanduidingStrijdigheidNietigheid>
                  <!--Optional:-->
                  <ns:brondocument stuf:metagegeven="true">
                     <!--Optional:-->
                     <ns:datum stuf:noValue="?" stuf:exact="true" stuf:indOnvolledigeDatum="V">?</ns:datum>
                     <!--Optional:-->
                     <ns:omschrijving stuf:noValue="?" stuf:exact="true">?</ns:omschrijving>
                     <!--Optional:-->
                     <ns:gemeente stuf:noValue="?" stuf:exact="true">?</ns:gemeente>
                  </ns:brondocument>
                  <!--Optional:-->
                  <stuf:tijdvakRelatie>
                     <stuf:beginRelatie stuf:noValue="?" stuf:exact="true" stuf:indOnvolledigeDatum="V">?</stuf:beginRelatie>
                     <!--Optional:-->
                     <stuf:eindRelatie stuf:noValue="?" stuf:exact="true" stuf:indOnvolledigeDatum="V">?</stuf:eindRelatie>
                  </stuf:tijdvakRelatie>
                  <!--Optional:-->
                  <stuf:tijdvakGeldigheid>
                     <stuf:beginGeldigheid stuf:noValue="?" stuf:exact="true" stuf:indOnvolledigeDatum="V">?</stuf:beginGeldigheid>
                     <stuf:eindGeldigheid stuf:noValue="?" stuf:exact="true" stuf:indOnvolledigeDatum="V">?</stuf:eindGeldigheid>
                  </stuf:tijdvakGeldigheid>
                  <!--Optional:-->
                  <stuf:tijdstipRegistratie stuf:noValue="?" stuf:exact="true">?</stuf:tijdstipRegistratie>
                  <!--Optional:-->
                  <stuf:extraElementen>
                     <!--1 or more repetitions:-->
                     <stuf:extraElement stuf:noValue="?" stuf:exact="true" naam="?" stuf:indOnvolledigeDatum="V">?</stuf:extraElement>
                  </stuf:extraElementen>
               </ns:inp.heeftAlsNationaliteit>
               <!--Zero or more repetitions:-->
               <ns:ing.isBijgeschrevenOp stuf:entiteittype="NPSRSDBIJ" stuf:sleutelSynchronisatie="?" stuf:verwerkingssoort="?" stuf:aantalVoorkomens="?" stuf:aardAantal="?" stuf:sleutelVerzendend="?" stuf:sleutelOntvangend="?" stuf:sleutelGegevensbeheer="?" stuf:noValue="?">
                  <ns:gerelateerde stuf:entiteittype="RSD" stuf:verwerkingssoort="?" stuf:sleutelVerzendend="?" stuf:sleutelOntvangend="?" stuf:sleutelGegevensbeheer="?" stuf:sleutelSynchronisatie="?">
                     <!--Optional:-->
                     <ns:rds.code stuf:noValue="?" stuf:exact="true">?</ns:rds.code>
                     <!--Optional:-->
                     <ns:nummer stuf:noValue="?" stuf:exact="true">?</ns:nummer>
                     <!--Optional:-->
                     <ns:isVan stuf:entiteittype="RSDNPSHDR" stuf:verwerkingssoort="?" stuf:sleutelVerzendend="?" stuf:sleutelOntvangend="?" stuf:sleutelGegevensbeheer="?" stuf:sleutelSynchronisatie="?" stuf:noValue="?">
                        <ns:gerelateerde stuf:verwerkingssoort="?" stuf:entiteittype="NPS" stuf:sleutelVerzendend="?" stuf:sleutelOntvangend="?" stuf:sleutelGegevensbeheer="?" stuf:sleutelSynchronisatie="?" stuf:noValue="?" stuf:scope="?">
                           <!--You have a CHOICE of the next 2 items at this level-->
                           <!--Optional:-->
                           <ns:inp.bsn stuf:noValue="?" stuf:exact="true">?</ns:inp.bsn>
                           <!--Optional:-->
                           <ns:authentiek>N</ns:authentiek>
                           <ns:anp.identificatie stuf:noValue="?" stuf:exact="true">?</ns:anp.identificatie>
                           <!--Optional:-->
                           <ns:inp.a-nummer stuf:noValue="?" stuf:exact="true">?</ns:inp.a-nummer>
                           <!--Optional:-->
                           <ns:geslachtsnaam stuf:noValue="?" stuf:exact="true">?</ns:geslachtsnaam>
                           <!--Optional:-->
                           <ns:voorvoegselGeslachtsnaam stuf:noValue="?" stuf:exact="true">?</ns:voorvoegselGeslachtsnaam>
                           <!--Optional:-->
                           <ns:voorletters stuf:noValue="?" stuf:exact="true">?</ns:voorletters>
                           <!--Optional:-->
                           <ns:voornamen stuf:noValue="?" stuf:exact="true">?</ns:voornamen>
                           <!--Optional:-->
                           <ns:geslachtsaanduiding stuf:noValue="?" stuf:exact="true">?</ns:geslachtsaanduiding>
                           <!--Optional:-->
                           <ns:geboortedatum stuf:noValue="?" stuf:exact="true" stuf:indOnvolledigeDatum="V">?</ns:geboortedatum>
                           <!--You have a CHOICE of the next 2 items at this level-->
                           <ns:verblijfsadres>
                              <!--Optional:-->
                              <ns:aoa.identificatie stuf:noValue="?" stuf:exact="true">?</ns:aoa.identificatie>
                              <!--Optional:-->
                              <ns:authentiek>N</ns:authentiek>
                              <!--Optional:-->
                              <ns:wpl.woonplaatsNaam stuf:noValue="?" stuf:exact="true">?</ns:wpl.woonplaatsNaam>
                              <!--Optional:-->
                              <ns:gor.openbareRuimteNaam stuf:noValue="?" stuf:exact="true">?</ns:gor.openbareRuimteNaam>
                              <!--Optional:-->
                              <ns:aoa.postcode stuf:noValue="?" stuf:exact="true">?</ns:aoa.postcode>
                              <!--Optional:-->
                              <ns:aoa.huisnummer stuf:noValue="?" stuf:exact="true">?</ns:aoa.huisnummer>
                              <!--Optional:-->
                              <ns:aoa.huisletter stuf:noValue="?" stuf:exact="true">?</ns:aoa.huisletter>
                              <!--Optional:-->
                              <ns:aoa.huisnummertoevoeging stuf:noValue="?" stuf:exact="true">?</ns:aoa.huisnummertoevoeging>
                              <!--Optional:-->
                              <ns:inp.locatiebeschrijving stuf:noValue="?" stuf:exact="true">?</ns:inp.locatiebeschrijving>
                           </ns:verblijfsadres>
                           <ns:sub.verblijfBuitenland>
                              <!--Optional:-->
                              <ns:lnd.landcode stuf:noValue="?" stuf:exact="true">?</ns:lnd.landcode>
                              <!--Optional:-->
                              <ns:lnd.landnaam stuf:noValue="?" stuf:exact="true">?</ns:lnd.landnaam>
                              <!--Optional:-->
                              <ns:sub.adresBuitenland1 stuf:noValue="?" stuf:exact="true">?</ns:sub.adresBuitenland1>
                              <!--Optional:-->
                              <ns:sub.adresBuitenland2 stuf:noValue="?" stuf:exact="true">?</ns:sub.adresBuitenland2>
                              <!--Optional:-->
                              <ns:sub.adresBuitenland3 stuf:noValue="?" stuf:exact="true">?</ns:sub.adresBuitenland3>
                           </ns:sub.verblijfBuitenland>
                        </ns:gerelateerde>
                     </ns:isVan>
                  </ns:gerelateerde>
                  <!--Optional:-->
                  <stuf:tijdvakRelatie>
                     <stuf:beginRelatie stuf:noValue="?" stuf:exact="true" stuf:indOnvolledigeDatum="V">?</stuf:beginRelatie>
                     <!--Optional:-->
                     <stuf:eindRelatie stuf:noValue="?" stuf:exact="true" stuf:indOnvolledigeDatum="V">?</stuf:eindRelatie>
                  </stuf:tijdvakRelatie>
                  <!--Optional:-->
                  <stuf:extraElementen>
                     <!--1 or more repetitions:-->
                     <stuf:extraElement stuf:noValue="?" stuf:exact="true" naam="?" stuf:indOnvolledigeDatum="V">?</stuf:extraElement>
                  </stuf:extraElementen>
               </ns:ing.isBijgeschrevenOp>
            </ns:object>
         </ns:actueel>
      </ns:npsSa02>
   </soapenv:Body>
</soapenv:Envelope>