<?xml version="1.0" encoding="UTF-8"?>
<simpletype-checksum xmlns:xs="http://www.w3.org/2001/XMLSchema"
                     xmlns:UML="omg.org/UML1.3"
                     xmlns:imvert="http://www.imvertor.org/schema/system"
                     xmlns:imf="http://www.imvertor.org/xsl/functions"
                     date="2017-05-09+02:00"
                     subpath="UGM-UGMBG-0.0.0-1-20161010-20170509-151021"
                     version="Imvertor OS 1.19.3.20170505"
                     jobid="2017-05-09-15-10-00-785">
   <entry name="Boolean" base="scalar-boolean_" facet="___" state="E"/>
   <entry name="Boolean_1"
          base="scalar-boolean_"
          facet="j|\s{0}___"
          state="E"/>
   <entry name="Date" base="scalar-date_" facet="___" state="E"/>
   <entry name="Datetime" base="scalar-datetime_" facet="___" state="E"/>
   <entry name="Decimal12_2_P1"
          base="scalar-decimal_12_2"
          facet="__0_"
          state="E"/>
   <entry name="Decimal12_2_P2"
          base="scalar-decimal_12_2"
          facet="__0_9999999999"
          state="E"/>
   <entry name="Decimal20_2"
          base="scalar-decimal_20_2"
          facet="___"
          state="E"/>
   <entry name="Decimal4_1_P1"
          base="scalar-decimal_4_1"
          facet="__-90_90"
          state="E"/>
   <entry name="Integer1" base="scalar-integer_1" facet="___" state="E"/>
   <entry name="Integer11"
          base="scalar-integer_11"
          facet="__0_"
          state="E"/>
   <entry name="Integer12"
          base="scalar-integer_12"
          facet="__-99999999999_99999999999"
          state="E"/>
   <entry name="Integer2" base="scalar-integer_2" facet="___" state="E"/>
   <entry name="Integer2_P1"
          base="scalar-integer_2"
          facet="__-9_9"
          state="E"/>
   <entry name="Integer2_P2"
          base="scalar-integer_2"
          facet="[0-9]{2}___"
          state="E"/>
   <entry name="Integer3" base="scalar-integer_3" facet="___" state="E"/>
   <entry name="Integer3_P1"
          base="scalar-integer_3"
          facet="__-99_999"
          state="E"/>
   <entry name="Integer4" base="scalar-integer_4" facet="___" state="E"/>
   <entry name="Integer5" base="scalar-integer_5" facet="___" state="E"/>
   <entry name="Integer5_P1"
          base="scalar-integer_5"
          facet="__1_99999"
          state="E"/>
   <entry name="Integer6_P1"
          base="scalar-integer_6"
          facet="__0_999999"
          state="E"/>
   <entry name="Integer8" base="scalar-integer_8" facet="___" state="E"/>
   <entry name="Postcode" base="scalar-postcode_" facet="___" state="E"/>
   <entry name="String" base="scalar-string_" facet="___" state="E"/>
   <entry name="String1" base="scalar-string_1" facet="___" state="E"/>
   <entry name="String10" base="scalar-string_10" facet="___" state="E"/>
   <entry name="String100" base="scalar-string_100" facet="___" state="E"/>
   <entry name="String10_P1"
          base="scalar-string_10"
          facet="[0-9]{10}___"
          state="E"/>
   <entry name="String11" base="scalar-string_11" facet="___" state="E"/>
   <entry name="String11_P1"
          base="scalar-string_11"
          facet="[0-9]{1,5}-[0-9]{1,5}___"
          state="E"/>
   <entry name="String12_P1"
          base="scalar-string_12"
          facet="[0-9]{12}___"
          state="E"/>
   <entry name="String17_P1"
          base="scalar-string_17"
          facet="[0-9]{17}___"
          state="E"/>
   <entry name="String1_P1"
          base="scalar-string_1"
          facet="[a-zA-Z]___"
          state="E"/>
   <entry name="String1_P2"
          base="scalar-string_1"
          facet="j?___"
          state="E"/>
   <entry name="String2" base="scalar-string_2" facet="___" state="E"/>
   <entry name="String20" base="scalar-string_20" facet="___" state="E"/>
   <entry name="String200" base="scalar-string_200" facet="___" state="E"/>
   <entry name="String24" base="scalar-string_24" facet="___" state="E"/>
   <entry name="String250" base="scalar-string_250" facet="___" state="E"/>
   <entry name="String254" base="scalar-string_254" facet="___" state="E"/>
   <entry name="String257" base="scalar-string_257" facet="___" state="E"/>
   <entry name="String2_P1"
          base="scalar-string_2"
          facet="[0-9]{2}___"
          state="E"/>
   <entry name="String3" base="scalar-string_3" facet="___" state="E"/>
   <entry name="String34" base="scalar-string_34" facet="___" state="E"/>
   <entry name="String35" base="scalar-string_35" facet="___" state="E"/>
   <entry name="String3_P1"
          base="scalar-string_3"
          facet="[0-9]{1,3}___"
          state="E"/>
   <entry name="String3_P2"
          base="scalar-string_3"
          facet="[0-9]{3}___"
          state="E"/>
   <entry name="String4" base="scalar-string_4" facet="___" state="E"/>
   <entry name="String40" base="scalar-string_40" facet="___" state="E"/>
   <entry name="String42" base="scalar-string_42" facet="___" state="E"/>
   <entry name="String45" base="scalar-string_45" facet="___" state="E"/>
   <entry name="String4_P1"
          base="scalar-string_4"
          facet="[0-9]{1,4}___"
          state="E"/>
   <entry name="String4_P2"
          base="scalar-string_4"
          facet="[a-zA-Z0-9]{0,4}___"
          state="E"/>
   <entry name="String4_P3"
          base="scalar-string_4"
          facet="[0-9]{4}___"
          state="E"/>
   <entry name="String5" base="scalar-string_5" facet="___" state="E"/>
   <entry name="String50" base="scalar-string_50" facet="___" state="E"/>
   <entry name="String500" base="scalar-string_500" facet="___" state="E"/>
   <entry name="String6" base="scalar-string_6" facet="___" state="E"/>
   <entry name="String60" base="scalar-string_60" facet="___" state="E"/>
   <entry name="String625" base="scalar-string_625" facet="___" state="E"/>
   <entry name="String6_P1"
          base="scalar-string_6"
          facet="[0-9]{6}___"
          state="E"/>
   <entry name="String80" base="scalar-string_80" facet="___" state="E"/>
   <entry name="String8_P1"
          base="scalar-string_8"
          facet="[0-9]{8}___"
          state="E"/>
   <entry name="String9" base="scalar-string_9" facet="___" state="E"/>
   <entry name="String9_P1"
          base="scalar-string_9"
          facet="[0-9]{9}___"
          state="E"/>
   <entry name="String9_P2"
          base="scalar-string_9"
          facet="[0-9]{9}|\s{0}___"
          state="E"/>
   <entry name="String_P2"
          base="scalar-string_"
          facet="([A-Za-z0-9_\-,\.])+___"
          state="E"/>
   <entry name="Uri" base="scalar-uri_" facet="___" state="E"/>
   <entry name="Year" base="scalar-year_" facet="___" state="E"/>
   <entry name="_" base="_" facet="___" state="E"/>
</simpletype-checksum>
