<?xml version='1.0' encoding='UTF-8'?>
<Fo01Bericht xmlns="http://www.egem.nl/StUF/StUF0301" xmlns:StUF="http://www.egem.nl/StUF/StUF0301">
  <stuurgegevens>
    <berichtcode>Fo01</berichtcode>
    <zender>
      <organisatie>00000002003214436001_OTA</organisatie>
      <applicatie>RvdK applicatie</applicatie>
    </zender>
    <ontvanger>
      <organisatie>00000001001709239000</organisatie>
      <applicatie>WIZportaal</applicatie>
    </ontvanger>
    <referentienummer>6f387-7c12-47cb-acda-c495f7f1bf63@jsi.nl</referentienummer>
    <tijdstipBericht>20160526113307</tijdstipBericht>
    <crossRefnummer>66555791-5f4d-4313-89d4-04a9cb67309a</crossRefnummer>
  </stuurgegevens>
  <body>
    <code>902</code>
    <plek>server</plek>
    <omschrijving>Er is een XSD validatiefout opgetreden na de translatie.</omschrijving>
    <details>Communicatie: Missing child element(s). Expected is ( {http://data.justid.nl/jk/dictionary-1}Waarde ). </details>
  </body>
</Fo01Bericht>
