<?xml version='1.0' encoding='UTF-8'?>
<Fo01Bericht xmlns="http://www.egem.nl/StUF/StUF0301" xmlns:StUF="http://www.egem.nl/StUF/StUF0301">
  <stuurgegevens>
    <berichtcode>Fo01</berichtcode>
    <zender>
      <organisatie>00000002003214436001</organisatie>
      <applicatie>RvdK-applicatie</applicatie>
    </zender>
    <ontvanger>
      <organisatie>00000001009695898000</organisatie>
      <applicatie>WIZportaal</applicatie>
    </ontvanger>
    <referentienummer>58884-f483-4c13-97ea-d94eece96313@jsi.nl</referentienummer>
    <tijdstipBericht>20160608145958</tijdstipBericht>
    <crossRefnummer>9cec822c-4e80-49f8-8340-98b625002f8b</crossRefnummer>
  </stuurgegevens>
  <body>
    <code>901</code>
    <plek>server</plek>
    <omschrijving>Het StUF VTO bericht voldoet niet</omschrijving>
    <details>PE_VALID_1_2_1: Element {http://www.egem.nl/StUF/sector/bg/0310}aoa.postcode: 1234 AA is not a valid value of the atomic type {http://www.egem.nl/StUF/sector/bg/0310}Postcode.
No SCH validation done
</details>
  </body>
</Fo01Bericht>
