<?xml version='1.0' encoding='UTF-8'?>
<Fo01Bericht xmlns="http://www.egem.nl/StUF/StUF0301" xmlns:StUF="http://www.egem.nl/StUF/StUF0301">
  <stuurgegevens>
    <berichtcode>Fo01</berichtcode>
    <zender>
      <organisatie>00000002003214436001</organisatie>
      <applicatie>RvdK-applicatie</applicatie>
    </zender>
    <ontvanger>
      <organisatie>00000001009695898000</organisatie>
      <applicatie>WIZportaal</applicatie>
    </ontvanger>
    <referentienummer>29d5c-45c3-4265-8701-b38d44cd8d9f@jsi.nl</referentienummer>
    <tijdstipBericht>20160608131640</tijdstipBericht>
    <crossRefnummer>ab78dd4c-184c-4ea0-9d90-381b45a939f7</crossRefnummer>
  </stuurgegevens>
  <body>
    <code>901</code>
    <plek>server</plek>
    <omschrijving>Het StUF VTO bericht voldoet niet</omschrijving>
    <details>alse
XSD validation details:
&lt;string&gt;:1:0:ERROR:SCHEMASV:SCHEMAV_ELEMENT_CONTENT: Element {http://www.egem.nl/StUF/sector/zkn/0310}heeftRelevant: This element is not expected.
No SCH validation done
</details>
  </body>
</Fo01Bericht>
