<?xml version="1.0" encoding="UTF-8"?>
<BG:npsLk01 xmlns:StUF="http://www.egem.nl/StUF/StUF0301" xmlns:BG="http://www.egem.nl/StUF/sector/bg/0310">
	<BG:stuurgegevens>
		<StUF:berichtcode>Lk01</StUF:berichtcode>
		<StUF:zender>
			<StUF:applicatie>aaa</StUF:applicatie>
		</StUF:zender>
		<StUF:ontvanger>
			<StUF:applicatie>aaa</StUF:applicatie>
		</StUF:ontvanger>
		<StUF:referentienummer>123456789</StUF:referentienummer>
		<StUF:tijdstipBericht>2014042211525423</StUF:tijdstipBericht>
		<StUF:entiteittype>NPS</StUF:entiteittype>
	</BG:stuurgegevens>
	<BG:parameters>
		<StUF:mutatiesoort>F</StUF:mutatiesoort>
		<StUF:indicatorOvername>V</StUF:indicatorOvername>
	</BG:parameters>
	<BG:object StUF:verwerkingssoort="I" StUF:entiteittype="NPS" StUF:sleutelVerzendend="254753">
				<BG:inp.a-nummer>1269637172</BG:inp.a-nummer>
				<BG:geslachtsnaam>Bertje</BG:geslachtsnaam>         
	</BG:object>
</BG:npsLk01>
