<?xml version="1.0" encoding="utf-8"?>
<NPS-Lk01 xmlns:xsi="http://www.w3.org/2001/XMLSchema-instance" xmlns:xsd="http://www.w3.org/2001/XMLSchema">
	<stuurgegevens xmlns="http://www.egem.nl/StUF/sector/bg/0310">
		<berichtcode xmlns="http://www.egem.nl/StUF/StUF0301">Lk01</berichtcode>
		<referentienummer xmlns="http://www.egem.nl/StUF/StUF0301">123456789</referentienummer>
		<tijdstipBericht xmlns="http://www.egem.nl/StUF/StUF0301">2014042211525423</tijdstipBericht>
	</stuurgegevens>
	<object a:entiteittype="NPS" a:sleutelVerzendend="254753" xmlns:a="http://www.egem.nl/StUF/StUF0301" xmlns="http://www.egem.nl/StUF/sector/bg/0310">
		<inp.a-nummer>1269637172</inp.a-nummer>
		<geslachtsnaam>Bertje</geslachtsnaam>
	</object>
</NPS-Lk01>
