<?xml version="1.0" encoding="utf-8"?>
<npsLk01 xmlns="http://www.egem.nl/StUF/sector/bg/0310" xmlns:xsi="http://www.w3.org/2001/XMLSchema-instance" xsi:schemaLocation="http://www.egem.nl/StUF/sector/bg/0310 file:///C:/Data/KING/Kern-taken/StUF/StUFmaster/bg0310/mutatie/bg0310_msg_mutatie.xsd">
	<stuurgegevens>
		<berichtcode xmlns="http://www.egem.nl/StUF/StUF0301">Lk01</berichtcode>
		<zender xmlns="http://www.egem.nl/StUF/StUF0301">
			<applicatie>aaa</applicatie>
		</zender>
		<ontvanger xmlns="http://www.egem.nl/StUF/StUF0301">
			<applicatie>aaa</applicatie>
		</ontvanger>
		<referentienummer xmlns="http://www.egem.nl/StUF/StUF0301">1340944</referentienummer>
		<tijdstipBericht xmlns="http://www.egem.nl/StUF/StUF0301">2014042211525423</tijdstipBericht>
		<entiteittype xmlns="http://www.egem.nl/StUF/StUF0301">NPS</entiteittype>
	</stuurgegevens>
	<parameters>
		<mutatiesoort xmlns="http://www.egem.nl/StUF/StUF0301">F</mutatiesoort>
		<indicatorOvername xmlns="http://www.egem.nl/StUF/StUF0301">V</indicatorOvername>
	</parameters>
	<object a:verwerkingssoort="I" a:entiteittype="NPS" a:sleutelVerzendend="254753" xmlns:a="http://www.egem.nl/StUF/StUF0301">
		<inp.a-nummer>1269637172</inp.a-nummer>
		<geslachtsnaam>Bertje</geslachtsnaam>
	</object>
</npsLk01>
