<?xml version="1.0" encoding="UTF-8"?>
<BG:npsLv01-prs-NatuurlijkPersoon xsi:schemaLocation="http://www.egem.nl/StUF/sector/bg/0310 bg0310_msg_prs.xsd" xmlns:StUF="http://www.egem.nl/StUF/StUF0301" xmlns:BG="http://www.egem.nl/StUF/sector/bg/0310" xmlns:xsi="http://www.w3.org/2001/XMLSchema-instance">
	<BG:stuurgegevens>
		<StUF:berichtcode>Lv01</StUF:berichtcode>
		<StUF:zender>
			<StUF:applicatie>aaa</StUF:applicatie>
		</StUF:zender>
		<StUF:ontvanger>
			<StUF:applicatie>aaa</StUF:applicatie>
		</StUF:ontvanger>
		<StUF:tijdstipBericht>00000000</StUF:tijdstipBericht>
		<StUF:entiteittype>NPS</StUF:entiteittype>
	</BG:stuurgegevens>
	<BG:parameters>
		<StUF:sortering>0</StUF:sortering>
		<StUF:indicatorVervolgvraag>false</StUF:indicatorVervolgvraag>
		<StUF:maximumAantal>1</StUF:maximumAantal>
	</BG:parameters>
	<BG:gelijk StUF:entiteittype="NPS">
		<BG:inp.bsn>000000000</BG:inp.bsn>
	</BG:gelijk>
	<BG:scope>
		<BG:object StUF:entiteittype="NPS">
			<BG:inp.bsn xsi:nil="true" ></BG:inp.bsn>
			<BG:geslachtsnaam></BG:geslachtsnaam>
			<BG:voorvoegselGeslachtsnaam></BG:voorvoegselGeslachtsnaam>
			<BG:voorletters></BG:voorletters>
			<BG:voornamen></BG:voornamen>
			<BG:aanduidingNaamgebruik xsi:nil="true"></BG:aanduidingNaamgebruik>
			<BG:geslachtsnaamPartner></BG:geslachtsnaamPartner>
			<BG:voorvoegselGeslachtsnaamPartner></BG:voorvoegselGeslachtsnaamPartner>
			<BG:geslachtsaanduiding xsi:nil="true" ></BG:geslachtsaanduiding>
			<BG:geboortedatum xsi:nil="true"></BG:geboortedatum>
			<BG:inp.geboorteplaats></BG:inp.geboorteplaats>
			<BG:inp.geboorteLand xsi:nil="true" ></BG:inp.geboorteLand>
		</BG:object>
	</BG:scope>
</BG:npsLv01-prs-NatuurlijkPersoon>
