<?xml version="1.0" encoding="UTF-8"?>
<BG:vesLv01-prs-Vestiging xsi:schemaLocation="http://www.egem.nl/StUF/sector/bg/0310 bg0310_msg_prs.xsd" xmlns:StUF="http://www.egem.nl/StUF/StUF0301" xmlns:BG="http://www.egem.nl/StUF/sector/bg/0310" xmlns:xsi="http://www.w3.org/2001/XMLSchema-instance">
	<BG:stuurgegevens>
		<StUF:berichtcode>Lv01</StUF:berichtcode>
		<StUF:zender>
			<StUF:applicatie>aaa</StUF:applicatie>
		</StUF:zender>
		<StUF:ontvanger>
			<StUF:applicatie>aaa</StUF:applicatie>
		</StUF:ontvanger>
		<StUF:tijdstipBericht>00000000</StUF:tijdstipBericht>
		<StUF:entiteittype>VES</StUF:entiteittype>
	</BG:stuurgegevens>
	<BG:parameters>
		<StUF:sortering>0</StUF:sortering>
		<StUF:indicatorVervolgvraag>false</StUF:indicatorVervolgvraag>
		<StUF:maximumAantal>1</StUF:maximumAantal>
	</BG:parameters>
	<BG:gelijk StUF:entiteittype="VES">
		<BG:vestigingsNummer>aaaaaaaaaaaa</BG:vestigingsNummer>
	</BG:gelijk>
	<BG:scope>
		<BG:object StUF:entiteittype="VES">
			<BG:vestigingsNummer xsi:nil="true"/>
			<BG:handelsnaam></BG:handelsnaam>
			<BG:handelsnaamVerkort></BG:handelsnaamVerkort>
		</BG:object>
	</BG:scope>
</BG:vesLv01-prs-Vestiging>
