<kv:extraElements xsi:schemaLocation="http://www.egem.nl/StUF/sector/ztc/0100/eigenschappen/kapvergunning ../../ztc0100/entiteiten/eigenschappen/ztc0100_eig_kapvergunning.xsd" xmlns:stuf="http://www.egem.nl/StUF/StUF0301" xmlns:kv="http://www.egem.nl/StUF/sector/ztc/0100/eigenschappen/kapvergunning" xmlns:bg="http://www.egem.nl/StUF/sector/bg/0310" xmlns:gv="http://www.egem.nl/StUF/sector/gv0100" xmlns:xsi="http://www.w3.org/2001/XMLSchema-instance">
			<kv:boom stuf:entiteittype="BOOM" stuf:functie="gerelateerde">
				<gv:soort>Eik</gv:soort>
				<gv:dikte>
					<gv:diameter>100</gv:diameter>
					<gv:eenheid>cm</gv:eenheid>
				</gv:dikte>
				<gv:lengte>4</gv:lengte>
			</kv:boom>
			<kv:eigenaar stuf:entiteittype="NPS" stuf:functie="gerelateerde">
				<bg:inp.bsn>123456789</bg:inp.bsn>
			</kv:eigenaar>
		</kv:extraElements>