<?xml version="1.0" encoding="UTF-8"?>
<!--Sample XML file generated by XMLSpy v2013 rel. 2 sp2 (http://www.altova.com)-->
<zkn:object stuf:entiteittype="ZAK" stuf:functie="entiteit" xsi:schemaLocation="http://www.egem.nl/StUF/sector/zkn/0310 ../entiteiten/zkn0310_ent_basis.xsd" xmlns:zkn="http://www.egem.nl/StUF/sector/zkn/0310" xmlns:xsi="http://www.w3.org/2001/XMLSchema-instance" xmlns:stuf="http://www.egem.nl/StUF/StUF0301" xmlns:bg="http://www.egem.nl/StUF/sector/bg/0310" xmlns:gv="http://www.egem.nl/StUF/sector/gv0100">
	<zkn:identificatie>12345</zkn:identificatie>
	<zkn:omschrijving>Aanvraag kapvergunning</zkn:omschrijving>
	<zkn:isVan>
		<zkn:gerelateerde stuf:entiteittype="ZKT">
			<zkn:omschrijving>Kapvergunning</zkn:omschrijving>
			<zkn:code>100</zkn:code>
		</zkn:gerelateerde>
	</zkn:isVan>
	<stuf:extraElements>
		<kv:extraElements xsi:schemaLocation="http://www.egem.nl/StUF/sector/ztc/0100/eigenschappen/kapvergunning ../../ztc0100/entiteiten/eigenschappen/ztc0100_eig_kapvergunning.xsd" xmlns:stuf="http://www.egem.nl/StUF/StUF0301" xmlns:kv="http://www.egem.nl/StUF/sector/ztc/0100/eigenschappen/kapvergunning" xmlns:bg="http://www.egem.nl/StUF/sector/bg/0310" xmlns:gv="http://www.egem.nl/StUF/sector/gv0100" xmlns:xsi="http://www.w3.org/2001/XMLSchema-instance">
			<kv:boom stuf:entiteittype="BOOM" stuf:functie="gerelateerde">
				<gv:soort>Eik</gv:soort>
				<gv:dikte>
					<gv:diameter>100</gv:diameter>
					<gv:eenheid>cm</gv:eenheid>
				</gv:dikte>
				<gv:lengte>4</gv:lengte>
			</kv:boom>
			<kv:eigenaar stuf:entiteittype="NPS" stuf:functie="gerelateerde">
				<bg:inp.bsn>123456789</bg:inp.bsn>
			</kv:eigenaar>
		</kv:extraElements>
		<zak:extraElements stuf:schemaLocation="http://www.egem.nl/StUF/sector/zkn/0310/extraElements/zak ../entiteiten/extraElements/zkn0310_zak_extraElements.xsd" xmlns:zak="http://www.egem.nl/StUF/sector/zkn/0310/extraElements/zak" xmlns:xsi="http://www.w3.org/2001/XMLSchema-instance">
			<zak:confidentieel>true</zak:confidentieel>
			<zak:complexiteit>moeilijk</zak:complexiteit>
		</zak:extraElements>
	</stuf:extraElements>
</zkn:object>
