<ZKN:zakLk01 xmlns:ZKN="http://www.egem.nl/StUF/sector/zkn/0310" xmlns:BG="http://www.egem.nl/StUF/sector/bg/0310" xmlns:StUF="http://www.egem.nl/StUF/StUF0301" xmlns:gml="http://www.opengis.net/gml" xmlns:xlink="http://www.w3.org/1999/xlink" xmlns:xsi="http://www.w3.org/2001/XMLSchema-instance">
	<ZKN:stuurgegevens>
		<StUF:berichtcode>Lk01</StUF:berichtcode>
		<StUF:zender>
			<StUF:organisatie>KING</StUF:organisatie>
			<StUF:applicatie>KING</StUF:applicatie>
			<StUF:gebruiker/>
		</StUF:zender>
		<StUF:ontvanger>
			<StUF:organisatie>KING</StUF:organisatie>
			<StUF:applicatie>KING</StUF:applicatie>
			<StUF:gebruiker/>
		</StUF:ontvanger>
		<StUF:referentienummer>1003</StUF:referentienummer>
		<StUF:tijdstipBericht>2013041120255225</StUF:tijdstipBericht>
		<StUF:entiteittype>ZAK</StUF:entiteittype>
	</ZKN:stuurgegevens>
	<ZKN:parameters>
		<StUF:mutatiesoort>W</StUF:mutatiesoort>
		<StUF:indicatorOvername>V</StUF:indicatorOvername>
	</ZKN:parameters>
	<ZKN:object StUF:entiteittype="ZAK" StUF:sleutelOntvangend="5700000000000000000000000000000000000001" StUF:verwerkingssoort="W">
		<ZKN:identificatie>5700000000000000000000000000000000000011</ZKN:identificatie>
		<ZKN:omschrijving>Partner</ZKN:omschrijving>
		<StUF:tijdvakGeldigheid>
			<StUF:beginGeldigheid>20120331</StUF:beginGeldigheid>
			<StUF:eindGeldigheid>20130331</StUF:eindGeldigheid>
		</StUF:tijdvakGeldigheid>
		<ZKN:heeft StUF:entiteittype="ZAKSTT" StUF:verwerkingssoort="W">
			<ZKN:gerelateerde StUF:entiteittype="STT" StUF:verwerkingssoort="W">
				<ZKN:zkt.code>B0901</ZKN:zkt.code>
				<ZKN:zkt.omschrijving>WWB aanvragen via gemeente</ZKN:zkt.omschrijving>
				<ZKN:volgnummer>0001</ZKN:volgnummer>
				<ZKN:code>B0901</ZKN:code>
				<ZKN:omschrijving>Aanvraag ontvangen</ZKN:omschrijving>
				<ZKN:ingangsdatumObject>20060331</ZKN:ingangsdatumObject>
			</ZKN:gerelateerde>
			<ZKN:toelichting>toelichting</ZKN:toelichting>
			<ZKN:datumStatusGezet>2013051608533500</ZKN:datumStatusGezet>
			<StUF:tijdvakRelatie>
				<StUF:beginRelatie>20060331</StUF:beginRelatie>
				<StUF:eindRelatie StUF:noValue="geenWaarde" xsi:nil="true"/>
			</StUF:tijdvakRelatie>
			<StUF:tijdvakGeldigheid>
				<StUF:beginGeldigheid>20140331</StUF:beginGeldigheid>
				<StUF:eindGeldigheid>20141231</StUF:eindGeldigheid>
			</StUF:tijdvakGeldigheid>
			<StUF:tijdstipRegistratie>20111107110525</StUF:tijdstipRegistratie>
			<ZKN:isGezetDoor StUF:entiteittype="ZAKSTTBTR" StUF:verwerkingssoort="W">
				<ZKN:gerelateerde>
					<ZKN:medewerker StUF:entiteittype="MDW" StUF:verwerkingssoort="W">
						<ZKN:identificatie>204564</ZKN:identificatie>
						<ZKN:achternaam>Mida Palm</ZKN:achternaam>
						<ZKN:voorletters>M</ZKN:voorletters>
						<ZKN:voorvoegselAchternaam>de</ZKN:voorvoegselAchternaam>
					</ZKN:medewerker>
				</ZKN:gerelateerde>
				<ZKN:rolOmschrijving>rolomschrijving</ZKN:rolOmschrijving>
				<ZKN:rolomschrijvingGeneriek>Belanghebbende</ZKN:rolomschrijvingGeneriek>
				<StUF:tijdvakRelatie>
					<StUF:beginRelatie>20060331</StUF:beginRelatie>
					<StUF:eindRelatie StUF:noValue="geenWaarde" xsi:nil="true"/>
				</StUF:tijdvakRelatie>
				<StUF:tijdstipRegistratie>20111107110525</StUF:tijdstipRegistratie>
			</ZKN:isGezetDoor>
		</ZKN:heeft>
	</ZKN:object>
	<ZKN:object StUF:entiteittype="ZAK" StUF:sleutelOntvangend="5700000000000000000000000000000000000001" StUF:verwerkingssoort="W">
		<ZKN:identificatie>5700000000000000000000000000000000000011</ZKN:identificatie>
		<ZKN:omschrijving>Partner</ZKN:omschrijving>
		<StUF:tijdvakGeldigheid>
			<StUF:beginGeldigheid>20130331</StUF:beginGeldigheid>
			<StUF:eindGeldigheid StUF:noValue="geenWaarde" xsi:nil="true"/>
		</StUF:tijdvakGeldigheid>
		<StUF:tijdstipRegistratie>20111107110525</StUF:tijdstipRegistratie>
		<ZKN:heeft StUF:entiteittype="ZAKSTT" StUF:verwerkingssoort="W">
			<ZKN:gerelateerde StUF:entiteittype="STT" StUF:verwerkingssoort="W">
				<ZKN:zkt.code>B0901</ZKN:zkt.code>
				<ZKN:zkt.omschrijving>WWB aanvragen via gemeente</ZKN:zkt.omschrijving>
				<ZKN:volgnummer>0001</ZKN:volgnummer>
				<ZKN:code>B0901</ZKN:code>
				<ZKN:omschrijving>Aanvraag ontvangen</ZKN:omschrijving>
				<ZKN:ingangsdatumObject>20060331</ZKN:ingangsdatumObject>
			</ZKN:gerelateerde>
			<ZKN:toelichting>toelichting</ZKN:toelichting>
			<ZKN:datumStatusGezet>2013051608533500</ZKN:datumStatusGezet>
			<StUF:tijdvakRelatie>
				<StUF:beginRelatie>20060331</StUF:beginRelatie>
				<StUF:eindRelatie>20141231</StUF:eindRelatie>
			</StUF:tijdvakRelatie>
			<StUF:tijdvakGeldigheid>
				<StUF:beginGeldigheid>20141231</StUF:beginGeldigheid>
				<StUF:eindGeldigheid StUF:noValue="geenWaarde" xsi:nil="true"/>
			</StUF:tijdvakGeldigheid>
			<StUF:tijdstipRegistratie>20111107110625</StUF:tijdstipRegistratie>
			<ZKN:isGezetDoor StUF:entiteittype="ZAKSTTBTR" StUF:verwerkingssoort="W">
				<ZKN:gerelateerde>
					<ZKN:medewerker StUF:entiteittype="MDW" StUF:verwerkingssoort="W">
						<ZKN:identificatie>204564</ZKN:identificatie>
						<ZKN:achternaam>Mida Palmboom</ZKN:achternaam>
						<ZKN:voorletters>M</ZKN:voorletters>
						<ZKN:voorvoegselAchternaam>de</ZKN:voorvoegselAchternaam>
					</ZKN:medewerker>
				</ZKN:gerelateerde>
				<ZKN:rolOmschrijving>rolomschrijving</ZKN:rolOmschrijving>
				<ZKN:rolomschrijvingGeneriek>Belanghebbende</ZKN:rolomschrijvingGeneriek>
				<StUF:tijdvakRelatie>
					<StUF:beginRelatie>20060331</StUF:beginRelatie>
					<StUF:eindRelatie>20141231</StUF:eindRelatie>
				</StUF:tijdvakRelatie>
				<StUF:tijdstipRegistratie>20141107110525</StUF:tijdstipRegistratie>
			</ZKN:isGezetDoor>
		</ZKN:heeft>
	</ZKN:object>
</ZKN:zakLk01>
