<ZKN:cancelCheckout_Di02 xmlns:StUF="http://www.egem.nl/StUF/StUF0301" xmlns:xlink="http://www.w3.org/1999/xlink" xmlns:xsi="http://www.w3.org/2001/XMLSchema-instance" xmlns:ZKN="http://www.egem.nl/StUF/sector/zkn/0310" xmlns:BG="http://www.egem.nl/StUF/sector/bg/0310" xmlns:gml="http://www.opengis.net/gml">
	<ZKN:stuurgegevens>
		<StUF:berichtcode>Di02</StUF:berichtcode>
		<StUF:zender>
			<StUF:organisatie>KING</StUF:organisatie>
			<StUF:applicatie>KING</StUF:applicatie>
			<StUF:gebruiker/>
		</StUF:zender>
		<StUF:ontvanger>
			<StUF:organisatie>KING</StUF:organisatie>
			<StUF:applicatie>KING</StUF:applicatie>
			<StUF:gebruiker/>
		</StUF:ontvanger>
		<StUF:tijdstipBericht>2013041123255225</StUF:tijdstipBericht>
		<StUF:functie>cancelCheckout</StUF:functie>
	</ZKN:stuurgegevens>
	<ZKN:parameters>
		<ZKN:checkedOutId>${checkoutId_document1}</ZKN:checkedOutId>
	</ZKN:parameters>
	<ZKN:document StUF:functie="entiteit" StUF:entiteittype="EDC" StUF:verwerkingssoort="W">
		<ZKN:identificatie>${documentIdentificatie_document1}</ZKN:identificatie>
	</ZKN:document>
</ZKN:cancelCheckout_Di02>
