<ZKN:zakLa01 xmlns:ZKN="http://www.egem.nl/StUF/sector/zkn/0310" xmlns:BG="http://www.egem.nl/StUF/sector/bg/0310" xmlns:StUF="http://www.egem.nl/StUF/StUF0301" xmlns:gml="http://www.opengis.net/gml" xmlns:xlink="http://www.w3.org/1999/xlink" xmlns:xsi="http://www.w3.org/2001/XMLSchema-instance">
	<ZKN:stuurgegevens>
		<StUF:berichtcode>La01</StUF:berichtcode>
		<StUF:zender>
			<StUF:applicatie>KING</StUF:applicatie>
		</StUF:zender>
		<StUF:ontvanger>
			<StUF:applicatie>KING</StUF:applicatie>
		</StUF:ontvanger>
		<StUF:tijdstipBericht>2013041109255225</StUF:tijdstipBericht>
		<StUF:entiteittype>ZAK</StUF:entiteittype>
	</ZKN:stuurgegevens>
	<ZKN:parameters>
		<StUF:indicatorVervolgvraag>false</StUF:indicatorVervolgvraag>
	</ZKN:parameters>
	<ZKN:melding>melding</ZKN:melding>
	<ZKN:antwoord>
		<ZKN:object StUF:entiteittype="ZAK">
			<ZKN:identificatie>5700000000000000000000000000000000000001</ZKN:identificatie>
			<ZKN:heeft StUF:entiteittype="ZAKSTT">
				<ZKN:gerelateerde StUF:entiteittype="STT">
					<ZKN:volgnummer>0001</ZKN:volgnummer>
					<ZKN:omschrijving>Partner</ZKN:omschrijving>
				</ZKN:gerelateerde>
				<ZKN:toelichting>toelichting</ZKN:toelichting>
				<ZKN:datumStatusGezet>2013051608533500</ZKN:datumStatusGezet>
				<ZKN:indicatieLaatsteStatus>J</ZKN:indicatieLaatsteStatus>
			</ZKN:heeft>
		</ZKN:object>
	</ZKN:antwoord>
</ZKN:zakLa01>
