<ZKN:zakLa01 xmlns:ZKN="http://www.egem.nl/StUF/sector/zkn/0310" xmlns:BG="http://www.egem.nl/StUF/sector/bg/0310" xmlns:StUF="http://www.egem.nl/StUF/StUF0301" xmlns:gml="http://www.opengis.net/gml" xmlns:xlink="http://www.w3.org/1999/xlink" xmlns:xsi="http://www.w3.org/2001/XMLSchema-instance">
	<ZKN:stuurgegevens>
		<StUF:berichtcode>La01</StUF:berichtcode>
		<StUF:zender>
			<StUF:organisatie>KING</StUF:organisatie>
			<StUF:applicatie>KING</StUF:applicatie>
			<StUF:gebruiker/>
		</StUF:zender>
		<StUF:ontvanger>
			<StUF:organisatie>KING</StUF:organisatie>
			<StUF:applicatie>KING</StUF:applicatie>
			<StUF:gebruiker/>
		</StUF:ontvanger>
		<StUF:tijdstipBericht>2013041109255225</StUF:tijdstipBericht>
		<StUF:entiteittype>ZAK</StUF:entiteittype>
	</ZKN:stuurgegevens>
	<ZKN:parameters>
		<StUF:indicatorVervolgvraag>false</StUF:indicatorVervolgvraag>
	</ZKN:parameters>
	<ZKN:melding>melding</ZKN:melding>
	<ZKN:antwoord>
		<ZKN:object StUF:entiteittype="ZAK">
			<ZKN:identificatie>5700000000000000000000000000000000000001</ZKN:identificatie>
			<ZKN:heeftRelevant StUF:entiteittype="ZAKEDC">
				<ZKN:gerelateerde StUF:entiteittype="EDC">
					<ZKN:identificatie>5700100000000414</ZKN:identificatie>
					<ZKN:creatiedatum>20130411</ZKN:creatiedatum>
					<ZKN:ontvangstdatum>20130517</ZKN:ontvangstdatum>
					<ZKN:titel>Aangepaste versie document</ZKN:titel>
					<ZKN:beschrijving>beschrijving</ZKN:beschrijving>
					<ZKN:formaat>text</ZKN:formaat>
					<ZKN:taal>NL</ZKN:taal>
					<ZKN:versie>1.0</ZKN:versie>
					<ZKN:status>in bewerking</ZKN:status>
					<ZKN:verzenddatum>20130518</ZKN:verzenddatum>
					<ZKN:vertrouwelijkAanduiding>ZEER GEHEIM</ZKN:vertrouwelijkAanduiding>
					<ZKN:auteur>Peter Bouwman</ZKN:auteur>
					<ZKN:link>http://link.to</ZKN:link>
				</ZKN:gerelateerde>
				<ZKN:titel>Aangepaste versie document</ZKN:titel>
				<ZKN:beschrijving>beschrijving</ZKN:beschrijving>
				<ZKN:registratiedatum>20130901</ZKN:registratiedatum>
			</ZKN:heeftRelevant>
		</ZKN:object>
	</ZKN:antwoord>
</ZKN:zakLa01>
