<ZKN:zakLv01 xmlns:ZKN="http://www.egem.nl/StUF/sector/zkn/0310" xmlns:BG="http://www.egem.nl/StUF/sector/bg/0310" xmlns:StUF="http://www.egem.nl/StUF/StUF0301" xmlns:gml="http://www.opengis.net/gml" xmlns:xlink="http://www.w3.org/1999/xlink" xmlns:xsi="http://www.w3.org/2001/XMLSchema-instance">
	<ZKN:stuurgegevens>
		<StUF:berichtcode>Lv01</StUF:berichtcode>
		<StUF:zender>
			<StUF:organisatie>KING</StUF:organisatie>
			<StUF:applicatie>KING</StUF:applicatie>
			<StUF:gebruiker/>
		</StUF:zender>
		<StUF:ontvanger>
			<StUF:organisatie>KING</StUF:organisatie>
			<StUF:applicatie>KING</StUF:applicatie>
			<StUF:gebruiker/>
		</StUF:ontvanger>
		<StUF:tijdstipBericht>2013041109255225</StUF:tijdstipBericht>
		<StUF:entiteittype>ZAK</StUF:entiteittype>
	</ZKN:stuurgegevens>
	<ZKN:parameters>
		<StUF:sortering>0</StUF:sortering>
		<StUF:indicatorVervolgvraag>false</StUF:indicatorVervolgvraag>
	</ZKN:parameters>
	<ZKN:gelijk StUF:entiteittype="ZAK">
		<ZKN:identificatie>123445678901234567890123456789012345600</ZKN:identificatie>
	</ZKN:gelijk>
	<ZKN:scope>
		<ZKN:object StUF:entiteittype="ZAK">
			<ZKN:identificatie xsi:nil="true"/>
			<ZKN:omschrijving xsi:nil="true"/>
			<ZKN:toelichting xsi:nil="true"/>
			<ZKN:kenmerk>
				<ZKN:kenmerk xsi:nil="true"/>
				<ZKN:bron xsi:nil="true"/>
			</ZKN:kenmerk>
			<ZKN:anderZaakObject>
				<ZKN:omschrijving xsi:nil="true"/>
			</ZKN:anderZaakObject>
			<ZKN:resultaat>
				<ZKN:omschrijving xsi:nil="true"/>
				<ZKN:toelichting xsi:nil="true"/>
			</ZKN:resultaat>
			<ZKN:startdatum xsi:nil="true"/>
			<ZKN:registratiedatum xsi:nil="true"/>
			<ZKN:publicatiedatum xsi:nil="true"/>
			<ZKN:einddatumGepland xsi:nil="true"/>
			<ZKN:uiterlijkeEinddatum xsi:nil="true"/>
			<ZKN:einddatum xsi:nil="true"/>
			<ZKN:opschorting>
				<ZKN:indicatie xsi:nil="true"/>
				<ZKN:reden xsi:nil="true"/>
			</ZKN:opschorting>
			<ZKN:verlenging>
				<ZKN:duur xsi:nil="true"/>
				<ZKN:reden xsi:nil="true"/>
			</ZKN:verlenging>
			<ZKN:betalingsIndicatie xsi:nil="true"/>
			<ZKN:laatsteBetaaldatum xsi:nil="true"/>
			<ZKN:archiefnominatie xsi:nil="true"/>
			<ZKN:datumVernietigingDossier xsi:nil="true"/>
			<ZKN:zaakniveau xsi:nil="true"/>
			<ZKN:deelzakenIndicatie xsi:nil="true"/>
			<ZKN:isVan StUF:entiteittype="ZAKZKT">
				<ZKN:gerelateerde StUF:entiteittype="ZKT">
					<ZKN:omschrijving xsi:nil="true"/>
					<ZKN:code xsi:nil="true"/>
				</ZKN:gerelateerde>
			</ZKN:isVan>
			<ZKN:heeftBetrekkingOp StUF:entiteittype="ZAKOBJ">
				<ZKN:gerelateerde>
					<ZKN:adres StUF:entiteittype="AOA">
						<BG:identificatie xsi:nil="true"/>
					</ZKN:adres>
				</ZKN:gerelateerde>
			</ZKN:heeftBetrekkingOp>
			<ZKN:heeftAlsBelanghebbende StUF:entiteittype="ZAKBTRBLH">
				<ZKN:gerelateerde>
					<ZKN:medewerker StUF:entiteittype="MDW">
						<ZKN:identificatie xsi:nil="true"/>
					</ZKN:medewerker>
				</ZKN:gerelateerde>
				<ZKN:code xsi:nil="true"/>
				<ZKN:omschrijving xsi:nil="true"/>
				<ZKN:toelichting xsi:nil="true"/>
				<ZKN:afwijkendCorrespondentieAdres>
					<BG:aoa.identificatie xsi:nil="true"/>
				</ZKN:afwijkendCorrespondentieAdres>
				<ZKN:heeftAlsAanspreekpunt StUF:entiteittype="ZAKBTRBLHCTP">
					<ZKN:gerelateerde StUF:entiteittype="CTP">
						<ZKN:identificatie xsi:nil="true"/>
					</ZKN:gerelateerde>
				</ZKN:heeftAlsAanspreekpunt>
			</ZKN:heeftAlsBelanghebbende>
			<ZKN:heeftAlsGemachtigde StUF:entiteittype="ZAKBTRGMC">
				<ZKN:gerelateerde>
					<ZKN:medewerker StUF:entiteittype="MDW">
						<ZKN:identificatie xsi:nil="true"/>
					</ZKN:medewerker>
				</ZKN:gerelateerde>
				<ZKN:code xsi:nil="true"/>
				<ZKN:omschrijving xsi:nil="true"/>
				<ZKN:toelichting xsi:nil="true"/>
				<ZKN:afwijkendCorrespondentieAdres>
					<BG:aoa.identificatie xsi:nil="true"/>
				</ZKN:afwijkendCorrespondentieAdres>
				<ZKN:heeftAlsAanspreekpunt StUF:entiteittype="ZAKBTRGMCCTP">
					<ZKN:gerelateerde StUF:entiteittype="CTP">
						<ZKN:identificatie xsi:nil="true"/>
					</ZKN:gerelateerde>
				</ZKN:heeftAlsAanspreekpunt>
			</ZKN:heeftAlsGemachtigde>
			<ZKN:heeftAlsInitiator StUF:entiteittype="ZAKBTRINI">
				<ZKN:gerelateerde>
					<ZKN:medewerker StUF:entiteittype="MDW">
						<ZKN:identificatie xsi:nil="true"/>
					</ZKN:medewerker>
				</ZKN:gerelateerde>
				<ZKN:code xsi:nil="true"/>
				<ZKN:omschrijving xsi:nil="true"/>
				<ZKN:toelichting xsi:nil="true"/>
				<ZKN:afwijkendCorrespondentieAdres>
					<BG:aoa.identificatie xsi:nil="true"/>
				</ZKN:afwijkendCorrespondentieAdres>
				<ZKN:heeftAlsAanspreekpunt StUF:entiteittype="ZAKBTRINICTP">
					<ZKN:gerelateerde StUF:entiteittype="CTP">
						<ZKN:identificatie xsi:nil="true"/>
					</ZKN:gerelateerde>
				</ZKN:heeftAlsAanspreekpunt>
			</ZKN:heeftAlsInitiator>
			<ZKN:heeftAlsUitvoerende StUF:entiteittype="ZAKBTRUTV">
				<ZKN:gerelateerde>
					<ZKN:medewerker StUF:entiteittype="MDW">
						<ZKN:identificatie xsi:nil="true"/>
					</ZKN:medewerker>
				</ZKN:gerelateerde>
				<ZKN:code xsi:nil="true"/>
				<ZKN:omschrijving xsi:nil="true"/>
				<ZKN:toelichting xsi:nil="true"/>
				<ZKN:afwijkendCorrespondentieAdres>
					<BG:aoa.identificatie xsi:nil="true"/>
				</ZKN:afwijkendCorrespondentieAdres>
				<ZKN:heeftAlsAanspreekpunt StUF:entiteittype="ZAKBTRUTVCTP">
					<ZKN:gerelateerde StUF:entiteittype="CTP">
						<ZKN:identificatie xsi:nil="true"/>
					</ZKN:gerelateerde>
				</ZKN:heeftAlsAanspreekpunt>
			</ZKN:heeftAlsUitvoerende>
			<ZKN:heeftAlsVerantwoordelijke StUF:entiteittype="ZAKBTRVRA">
				<ZKN:gerelateerde>
					<ZKN:medewerker StUF:entiteittype="MDW">
						<ZKN:identificatie xsi:nil="true"/>
					</ZKN:medewerker>
				</ZKN:gerelateerde>
				<ZKN:code xsi:nil="true"/>
				<ZKN:omschrijving xsi:nil="true"/>
				<ZKN:toelichting xsi:nil="true"/>
				<ZKN:afwijkendCorrespondentieAdres>
					<BG:aoa.identificatie xsi:nil="true"/>
				</ZKN:afwijkendCorrespondentieAdres>
				<ZKN:heeftAlsAanspreekpunt StUF:entiteittype="ZAKBTRVRACTP">
					<ZKN:gerelateerde StUF:entiteittype="CTP">
						<ZKN:identificatie xsi:nil="true"/>
					</ZKN:gerelateerde>
				</ZKN:heeftAlsAanspreekpunt>
			</ZKN:heeftAlsVerantwoordelijke>
			<ZKN:heeftAlsOverigBetrokkene StUF:entiteittype="ZAKBTROVR">
				<ZKN:gerelateerde>
					<ZKN:medewerker StUF:entiteittype="MDW">
						<ZKN:identificatie xsi:nil="true"/>
					</ZKN:medewerker>
				</ZKN:gerelateerde>
				<ZKN:code xsi:nil="true"/>
				<ZKN:omschrijving xsi:nil="true"/>
				<ZKN:toelichting xsi:nil="true"/>
				<ZKN:afwijkendCorrespondentieAdres>
					<BG:aoa.identificatie xsi:nil="true"/>
				</ZKN:afwijkendCorrespondentieAdres>
				<ZKN:heeftAlsAanspreekpunt StUF:entiteittype="ZAKBTROVRCTP">
					<ZKN:gerelateerde StUF:entiteittype="CTP">
						<ZKN:identificatie xsi:nil="true"/>
					</ZKN:gerelateerde>
				</ZKN:heeftAlsAanspreekpunt>
			</ZKN:heeftAlsOverigBetrokkene>
			<ZKN:heeft StUF:entiteittype="ZAKSTT">
				<ZKN:gerelateerde StUF:entiteittype="STT">
					<ZKN:omschrijving xsi:nil="true"/>
				</ZKN:gerelateerde>
				<ZKN:toelichting xsi:nil="true"/>
				<ZKN:datumStatusGezet xsi:nil="true"/>
				<ZKN:indicatieLaatsteStatus xsi:nil="true"/>
				<ZKN:isGezetDoor StUF:entiteittype="ZAKSTTBTR">
					<ZKN:gerelateerde>
						<ZKN:medewerker StUF:entiteittype="MDW">
							<ZKN:identificatie xsi:nil="true"/>
						</ZKN:medewerker>
					</ZKN:gerelateerde>
				</ZKN:isGezetDoor>
			</ZKN:heeft>
		</ZKN:object>
	</ZKN:scope>
</ZKN:zakLv01>
