<ZKN:edcLa01 xmlns:ZKN="http://www.egem.nl/StUF/sector/zkn/0310" xmlns:BG="http://www.egem.nl/StUF/sector/bg/0310" xmlns:StUF="http://www.egem.nl/StUF/StUF0301" xmlns:gml="http://www.opengis.net/gml" xmlns:xlink="http://www.w3.org/1999/xlink" xmlns:xsi="http://www.w3.org/2001/XMLSchema-instance">
	<ZKN:stuurgegevens>
		<StUF:berichtcode>La01</StUF:berichtcode>
		<StUF:zender>
			<StUF:organisatie>KING</StUF:organisatie>
			<StUF:applicatie>KING</StUF:applicatie>
			<StUF:gebruiker/>
		</StUF:zender>
		<StUF:ontvanger>
			<StUF:organisatie>KING</StUF:organisatie>
			<StUF:applicatie>KING</StUF:applicatie>
			<StUF:gebruiker/>
		</StUF:ontvanger>
		<StUF:tijdstipBericht>2013041109255225</StUF:tijdstipBericht>
		<StUF:entiteittype>EDC</StUF:entiteittype>
	</ZKN:stuurgegevens>
	<ZKN:parameters>
		<StUF:indicatorVervolgvraag>false</StUF:indicatorVervolgvraag>
	</ZKN:parameters>
	<ZKN:melding>melding</ZKN:melding>
	<ZKN:antwoord>
		<ZKN:object StUF:entiteittype="EDC">
			<ZKN:identificatie>TEYL12345678</ZKN:identificatie>
			<ZKN:dct.omschrijving>Aanvraag Levensonderhoud</ZKN:dct.omschrijving>
			<ZKN:dct.categorie>dct.categorie</ZKN:dct.categorie>
			<ZKN:creatiedatum>20130411</ZKN:creatiedatum>
			<ZKN:ontvangstdatum>20130517</ZKN:ontvangstdatum>
			<ZKN:titel>Aangepaste versie document</ZKN:titel>
			<ZKN:beschrijving>beschrijving</ZKN:beschrijving>
			<ZKN:formaat>txt</ZKN:formaat>
			<ZKN:taal>nld</ZKN:taal>
			<ZKN:versie>1.0</ZKN:versie>
			<ZKN:status>in bewerking</ZKN:status>
			<ZKN:verzenddatum>20130518</ZKN:verzenddatum>
			<ZKN:vertrouwelijkAanduiding>ZEER GEHEIM</ZKN:vertrouwelijkAanduiding>
			<ZKN:auteur>Andre Wiel</ZKN:auteur>
			<ZKN:link>http://link.to</ZKN:link>
			<ZKN:inhoud StUF:bestandsnaam="dezezaak.txt">cGxlYXN1cmUu</ZKN:inhoud>
			<ZKN:isRelevantVoor StUF:entiteittype="EDCZAK">
				<ZKN:gerelateerde StUF:entiteittype="ZAK">
					<ZKN:identificatie>5700000000000000000000000000000000000001</ZKN:identificatie>
				</ZKN:gerelateerde>
			</ZKN:isRelevantVoor>
		</ZKN:object>
	</ZKN:antwoord>
</ZKN:edcLa01>
