<ZKN:geefZaakdocumentbewerken_Di02 xmlns:ZKN="http://www.egem.nl/StUF/sector/zkn/0310" xmlns:BG="http://www.egem.nl/StUF/sector/bg/0310" xmlns:StUF="http://www.egem.nl/StUF/StUF0301" xmlns:gml="http://www.opengis.net/gml" xmlns:xlink="http://www.w3.org/1999/xlink" xmlns:xsi="http://www.w3.org/2001/XMLSchema-instance">
	<ZKN:stuurgegevens>
		<StUF:berichtcode>Di02</StUF:berichtcode>
		<StUF:zender>
			<StUF:organisatie>KING</StUF:organisatie>
			<StUF:applicatie>KING</StUF:applicatie>
			<StUF:gebruiker/>
		</StUF:zender>
		<StUF:ontvanger>
			<StUF:organisatie>KING</StUF:organisatie>
			<StUF:applicatie>KING</StUF:applicatie>
			<StUF:gebruiker/>
		</StUF:ontvanger>
		<StUF:tijdstipBericht>2013041109255225</StUF:tijdstipBericht>
		<StUF:functie>geefZaakdocumentbewerken</StUF:functie>
	</ZKN:stuurgegevens>
	<ZKN:edcLv01 StUF:entiteittype="EDC" StUF:functie="selectie">
		<ZKN:parameters>
			<StUF:indicatorAfnemerIndicatie>false</StUF:indicatorAfnemerIndicatie>
		</ZKN:parameters>
		<ZKN:gelijk StUF:entiteittype="EDC">
			<ZKN:identificatie>1672123456123456789012345678901234567890</ZKN:identificatie>
		</ZKN:gelijk>
	</ZKN:edcLv01>
</ZKN:geefZaakdocumentbewerken_Di02>
