<ZKN:edcLv01 xmlns:ZKN="http://www.egem.nl/StUF/sector/zkn/0310" xmlns:BG="http://www.egem.nl/StUF/sector/bg/0310" xmlns:StUF="http://www.egem.nl/StUF/StUF0301" xmlns:gml="http://www.opengis.net/gml" xmlns:xlink="http://www.w3.org/1999/xlink" xmlns:xsi="http://www.w3.org/2001/XMLSchema-instance">
	<ZKN:stuurgegevens>
		<StUF:berichtcode>Lv01</StUF:berichtcode>
		<StUF:zender>
			<StUF:organisatie>KING</StUF:organisatie>
			<StUF:applicatie>KING</StUF:applicatie>
			<StUF:gebruiker/>
		</StUF:zender>
		<StUF:ontvanger>
			<StUF:organisatie>KING</StUF:organisatie>
			<StUF:applicatie>KING</StUF:applicatie>
			<StUF:gebruiker/>
		</StUF:ontvanger>
		<StUF:tijdstipBericht>2013041119255225</StUF:tijdstipBericht>
		<StUF:entiteittype>EDC</StUF:entiteittype>
	</ZKN:stuurgegevens>
	<ZKN:parameters>
		<StUF:sortering>0</StUF:sortering>
		<StUF:indicatorVervolgvraag>false</StUF:indicatorVervolgvraag>
	</ZKN:parameters>
	<ZKN:gelijk StUF:entiteittype="EDC">
		<ZKN:identificatie>1672123456123456789012345678901234567890</ZKN:identificatie>
	</ZKN:gelijk>
	<ZKN:scope>
		<ZKN:object StUF:entiteittype="EDC">
			<ZKN:identificatie xsi:nil="true"/>
			<ZKN:dct.omschrijving xsi:nil="true"/>
			<ZKN:dct.categorie xsi:nil="true"/>
			<ZKN:creatiedatum xsi:nil="true"/>
			<ZKN:ontvangstdatum xsi:nil="true"/>
			<ZKN:titel xsi:nil="true"/>
			<ZKN:beschrijving xsi:nil="true"/>
			<ZKN:formaat xsi:nil="true"/>
			<ZKN:taal xsi:nil="true"/>
			<ZKN:versie xsi:nil="true"/>
			<ZKN:status xsi:nil="true"/>
			<ZKN:verzenddatum xsi:nil="true"/>
			<ZKN:vertrouwelijkAanduiding xsi:nil="true"/>
			<ZKN:auteur xsi:nil="true"/>
			<ZKN:link xsi:nil="true"/>
			<ZKN:inhoud/>
			<ZKN:isRelevantVoor StUF:entiteittype="EDCZAK">
				<ZKN:gerelateerde StUF:entiteittype="ZAK">
					<ZKN:identificatie>5700000000000000000000000000000000000011</ZKN:identificatie>
				</ZKN:gerelateerde>
			</ZKN:isRelevantVoor>
		</ZKN:object>
	</ZKN:scope>
</ZKN:edcLv01>
