<ZKN:zakLa01 xmlns:ZKN="http://www.egem.nl/StUF/sector/zkn/0310" xmlns:BG="http://www.egem.nl/StUF/sector/bg/0310" xmlns:StUF="http://www.egem.nl/StUF/StUF0301" xmlns:gml="http://www.opengis.net/gml" xmlns:xlink="http://www.w3.org/1999/xlink" xmlns:xsi="http://www.w3.org/2001/XMLSchema-instance">
	<ZKN:stuurgegevens>
		<StUF:berichtcode>La01</StUF:berichtcode>
		<StUF:zender>
			<StUF:applicatie>KING</StUF:applicatie>
		</StUF:zender>
		<StUF:ontvanger>
			<StUF:applicatie>KING</StUF:applicatie>
		</StUF:ontvanger>
		<StUF:tijdstipBericht>2013041109255225</StUF:tijdstipBericht>
		<StUF:entiteittype>ZAK</StUF:entiteittype>
	</ZKN:stuurgegevens>
	<ZKN:parameters>
		<StUF:indicatorVervolgvraag>false</StUF:indicatorVervolgvraag>
	</ZKN:parameters>
	<ZKN:melding>melding</ZKN:melding>
	<ZKN:antwoord>
		<ZKN:object StUF:entiteittype="ZAK">
			<ZKN:identificatie>5700000000000000000000000000000000000001</ZKN:identificatie>
			<ZKN:omschrijving>Toegekend</ZKN:omschrijving>
			<ZKN:toelichting>toelichting</ZKN:toelichting>
			<ZKN:kenmerk>
				<ZKN:kenmerk>13113</ZKN:kenmerk>
				<ZKN:bron>KING</ZKN:bron>
			</ZKN:kenmerk>
			<ZKN:anderZaakObject>
				<ZKN:omschrijving>WWB aanvragen via gemeente</ZKN:omschrijving>
				<ZKN:aanduiding>aanduiding</ZKN:aanduiding>
				<ZKN:lokatie>
					<gml:Polygon srsDimension="2" srsName="urn:ogc:def:crs:EPSG::28992">
						<gml:exterior>
							<gml:LinearRing>
								<gml:pos>3272.222</gml:pos>
								<gml:pos>565622.222</gml:pos>
								<gml:pos>3273.333</gml:pos>
								<gml:pos>565558.889</gml:pos>
								<gml:pos>3323.333</gml:pos>
								<gml:pos>565555.556</gml:pos>
								<gml:pos>3347.778</gml:pos>
								<gml:pos>565542.222</gml:pos>
								<gml:pos>3385.556</gml:pos>
								<gml:pos>565576.667</gml:pos>
								<gml:pos>3326.667</gml:pos>
								<gml:pos>565584.444</gml:pos>
								<gml:pos>3296.667</gml:pos>
								<gml:pos>565624.444</gml:pos>
								<gml:pos>3278.889</gml:pos>
								<gml:pos>565623.333</gml:pos>
								<gml:pos>3272.222</gml:pos>
								<gml:pos>565622.222</gml:pos>
							</gml:LinearRing>
						</gml:exterior>
					</gml:Polygon>
				</ZKN:lokatie>
				<ZKN:registratie>registratie</ZKN:registratie>
			</ZKN:anderZaakObject>
			<ZKN:resultaat>
				<ZKN:omschrijving>Toegekend</ZKN:omschrijving>
				<ZKN:toelichting>toelichting</ZKN:toelichting>
			</ZKN:resultaat>
			<ZKN:startdatum>20130516</ZKN:startdatum>
			<ZKN:registratiedatum>20130901</ZKN:registratiedatum>
			<ZKN:publicatiedatum>20120601</ZKN:publicatiedatum>
			<ZKN:einddatumGepland>20140701</ZKN:einddatumGepland>
			<ZKN:uiterlijkeEinddatum>20140101</ZKN:uiterlijkeEinddatum>
			<ZKN:einddatum>20130516</ZKN:einddatum>
			<ZKN:opschorting>
				<ZKN:indicatie>J</ZKN:indicatie>
				<ZKN:reden>Langst mogelijke omschrijving voor om te testen wat je nog kunt zien en/of afkappen soms ook voorkomt</ZKN:reden>
			</ZKN:opschorting>
			<ZKN:verlenging>
				<ZKN:duur>999</ZKN:duur>
				<ZKN:reden>Langst mogelijke omschrijving voor om te testen wat je nog kunt zien en/of afkappen soms ook voorkomt</ZKN:reden>
			</ZKN:verlenging>
			<ZKN:betalingsIndicatie>N.v.t.</ZKN:betalingsIndicatie>
			<ZKN:laatsteBetaaldatum>20130901</ZKN:laatsteBetaaldatum>
			<ZKN:archiefnominatie>J</ZKN:archiefnominatie>
			<ZKN:datumVernietigingDossier>20160101</ZKN:datumVernietigingDossier>
			<ZKN:zaakniveau>1</ZKN:zaakniveau>
			<ZKN:deelzakenIndicatie>N</ZKN:deelzakenIndicatie>
			<ZKN:isVan StUF:entiteittype="ZAKZKT">
				<ZKN:gerelateerde StUF:entiteittype="ZKT">
					<ZKN:omschrijving>Client</ZKN:omschrijving>
					<ZKN:code>B0901</ZKN:code>
				</ZKN:gerelateerde>
			</ZKN:isVan>
			<ZKN:heeftBetrekkingOp StUF:entiteittype="ZAKOBJ">
				<ZKN:gerelateerde>
					<ZKN:adres StUF:entiteittype="AOA">
						<BG:identificatie>0000000000000021</BG:identificatie>
					</ZKN:adres>
				</ZKN:gerelateerde>
			</ZKN:heeftBetrekkingOp>
			<ZKN:heeftAlsBelanghebbende StUF:entiteittype="ZAKBTRBLH">
				<ZKN:gerelateerde>
					<ZKN:medewerker StUF:entiteittype="MDW">
						<ZKN:identificatie>020471</ZKN:identificatie>
					</ZKN:medewerker>
				</ZKN:gerelateerde>
			</ZKN:heeftAlsBelanghebbende>
			<ZKN:heeftAlsGemachtigde StUF:entiteittype="ZAKBTRGMC">
				<ZKN:gerelateerde>
					<ZKN:medewerker StUF:entiteittype="MDW">
						<ZKN:identificatie>020471</ZKN:identificatie>
					</ZKN:medewerker>
				</ZKN:gerelateerde>
			</ZKN:heeftAlsGemachtigde>
			<ZKN:heeftAlsInitiator StUF:entiteittype="ZAKBTRINI">
				<ZKN:gerelateerde>
					<ZKN:medewerker StUF:entiteittype="MDW">
						<ZKN:identificatie>020471</ZKN:identificatie>
					</ZKN:medewerker>
				</ZKN:gerelateerde>
			</ZKN:heeftAlsInitiator>
			<ZKN:heeftAlsUitvoerende StUF:entiteittype="ZAKBTRUTV">
				<ZKN:gerelateerde>
					<ZKN:medewerker StUF:entiteittype="MDW">
						<ZKN:identificatie>020471</ZKN:identificatie>
					</ZKN:medewerker>
				</ZKN:gerelateerde>
			</ZKN:heeftAlsUitvoerende>
			<ZKN:heeftAlsVerantwoordelijke StUF:entiteittype="ZAKBTRVRA">
				<ZKN:gerelateerde>
					<ZKN:medewerker StUF:entiteittype="MDW">
						<ZKN:identificatie>020471</ZKN:identificatie>
					</ZKN:medewerker>
				</ZKN:gerelateerde>
			</ZKN:heeftAlsVerantwoordelijke>
			<ZKN:heeftAlsOverigBetrokkene StUF:entiteittype="ZAKBTROVR">
				<ZKN:gerelateerde>
					<ZKN:medewerker StUF:entiteittype="MDW">
						<ZKN:identificatie>020471</ZKN:identificatie>
					</ZKN:medewerker>
				</ZKN:gerelateerde>
			</ZKN:heeftAlsOverigBetrokkene>
			<ZKN:heeft StUF:entiteittype="ZAKSTT">
				<ZKN:gerelateerde StUF:entiteittype="STT">
					<ZKN:omschrijving>Client</ZKN:omschrijving>
				</ZKN:gerelateerde>
				<ZKN:toelichting>toelichting</ZKN:toelichting>
				<ZKN:datumStatusGezet>2013051608533500</ZKN:datumStatusGezet>
				<ZKN:indicatieLaatsteStatus>J</ZKN:indicatieLaatsteStatus>
				<ZKN:isGezetDoor StUF:entiteittype="ZAKSTTBTR">
					<ZKN:gerelateerde>
						<ZKN:medewerker StUF:entiteittype="MDW">
							<ZKN:identificatie>020471</ZKN:identificatie>
						</ZKN:medewerker>
					</ZKN:gerelateerde>
				</ZKN:isGezetDoor>
			</ZKN:heeft>
		</ZKN:object>
	</ZKN:antwoord>
</ZKN:zakLa01>
