<ZKN:zakLv01 xmlns:ZKN="http://www.egem.nl/StUF/sector/zkn/0310" xmlns:BG="http://www.egem.nl/StUF/sector/bg/0310" xmlns:StUF="http://www.egem.nl/StUF/StUF0301" xmlns:gml="http://www.opengis.net/gml" xmlns:xlink="http://www.w3.org/1999/xlink" xmlns:xsi="http://www.w3.org/2001/XMLSchema-instance">
	<ZKN:stuurgegevens>
		<StUF:berichtcode>Lv01</StUF:berichtcode>
		<StUF:zender>
			<StUF:organisatie>KING</StUF:organisatie>
			<StUF:applicatie>KING</StUF:applicatie>
			<StUF:gebruiker/>
		</StUF:zender>
		<StUF:ontvanger>
			<StUF:organisatie>KING</StUF:organisatie>
			<StUF:applicatie>KING</StUF:applicatie>
			<StUF:gebruiker/>
		</StUF:ontvanger>
		<StUF:tijdstipBericht>2013041121255225</StUF:tijdstipBericht>
		<StUF:entiteittype>ZAK</StUF:entiteittype>
	</ZKN:stuurgegevens>
	<ZKN:parameters>
		<StUF:sortering>0</StUF:sortering>
		<StUF:indicatorVervolgvraag>false</StUF:indicatorVervolgvraag>
	</ZKN:parameters>
	<ZKN:gelijk StUF:entiteittype="ZAK">
		<ZKN:identificatie>5700000000000000000000000000000000000011</ZKN:identificatie>
		<ZKN:heeft StUF:entiteittype="ZAKSTT">
			<ZKN:toelichting>toelichting</ZKN:toelichting>
			<ZKN:indicatieLaatsteStatus>J</ZKN:indicatieLaatsteStatus>
		</ZKN:heeft>
	</ZKN:gelijk>
	<ZKN:scope>
		<ZKN:object StUF:entiteittype="ZAK">
			<ZKN:identificatie xsi:nil="true"/>
			<ZKN:heeft StUF:entiteittype="ZAKSTT">
				<ZKN:gerelateerde StUF:entiteittype="STT">
					<ZKN:volgnummer xsi:nil="true"/>
					<ZKN:omschrijving xsi:nil="true"/>
				</ZKN:gerelateerde>
				<ZKN:datumStatusGezet xsi:nil="true"/>
				<ZKN:indicatieLaatsteStatus xsi:nil="true"/>
			</ZKN:heeft>
		</ZKN:object>
	</ZKN:scope>
</ZKN:zakLv01>
