<ZKN:zakLv01 xmlns:ZKN="http://www.egem.nl/StUF/sector/zkn/0310" xmlns:BG="http://www.egem.nl/StUF/sector/bg/0310" xmlns:StUF="http://www.egem.nl/StUF/StUF0301" xmlns:gml="http://www.opengis.net/gml" xmlns:xlink="http://www.w3.org/1999/xlink" xmlns:xsi="http://www.w3.org/2001/XMLSchema-instance">
	<ZKN:stuurgegevens>
		<StUF:berichtcode>Lv01</StUF:berichtcode>
		<StUF:zender>
			<StUF:organisatie>KING</StUF:organisatie>
			<StUF:applicatie>KING</StUF:applicatie>
			<StUF:gebruiker/>
		</StUF:zender>
		<StUF:ontvanger>
			<StUF:organisatie>KING</StUF:organisatie>
			<StUF:applicatie>KING</StUF:applicatie>
			<StUF:gebruiker/>
		</StUF:ontvanger>
		<StUF:tijdstipBericht>2013041109255225</StUF:tijdstipBericht>
		<StUF:entiteittype>ZAK</StUF:entiteittype>
	</ZKN:stuurgegevens>
	<ZKN:parameters>
		<StUF:sortering>0</StUF:sortering>
		<StUF:indicatorVervolgvraag>false</StUF:indicatorVervolgvraag>
	</ZKN:parameters>
	<ZKN:gelijk StUF:entiteittype="ZAK">
		<ZKN:identificatie>123445678901234567890123456789012345600</ZKN:identificatie>
	</ZKN:gelijk>
	<ZKN:scope>
		<ZKN:object StUF:entiteittype="ZAK">
			<ZKN:identificatie xsi:nil="true"/>
			<ZKN:omschrijving xsi:nil="true"/>
			<ZKN:toelichting xsi:nil="true"/>
			<ZKN:kenmerk>
				<ZKN:kenmerk xsi:nil="true"/>
				<ZKN:bron xsi:nil="true"/>
			</ZKN:kenmerk>
			<ZKN:anderZaakObject>
				<ZKN:omschrijving xsi:nil="true"/>
				<ZKN:aanduiding xsi:nil="true"/>
				<ZKN:registratie xsi:nil="true"/>
			</ZKN:anderZaakObject>
			<ZKN:resultaat>
				<ZKN:omschrijving xsi:nil="true"/>
				<ZKN:toelichting xsi:nil="true"/>
			</ZKN:resultaat>
			<ZKN:startdatum xsi:nil="true"/>
			<ZKN:registratiedatum xsi:nil="true"/>
			<ZKN:publicatiedatum xsi:nil="true"/>
			<ZKN:einddatumGepland xsi:nil="true"/>
			<ZKN:uiterlijkeEinddatum xsi:nil="true"/>
			<ZKN:einddatum xsi:nil="true"/>
			<ZKN:opschorting>
				<ZKN:indicatie xsi:nil="true"/>
				<ZKN:reden xsi:nil="true"/>
			</ZKN:opschorting>
			<ZKN:verlenging>
				<ZKN:duur xsi:nil="true"/>
				<ZKN:reden xsi:nil="true"/>
			</ZKN:verlenging>
			<ZKN:zaakniveau xsi:nil="true"/>
			<ZKN:deelzakenIndicatie xsi:nil="true"/>
			<StUF:tijdvakGeldigheid>
				<StUF:beginGeldigheid xsi:nil="true"/>
				<StUF:eindGeldigheid xsi:nil="true"/>
			</StUF:tijdvakGeldigheid>
			<StUF:tijdstipRegistratie xsi:nil="true"/>
			<ZKN:heeftBetrekkingOp StUF:entiteittype="ZAKOBJ">
				<ZKN:gerelateerde>
					<ZKN:adres StUF:entiteittype="AOA">
						<BG:identificatie xsi:nil="true"/>
						<BG:authentiek StUF:metagegeven="true" xsi:nil="true"/>
						<BG:wpl.woonplaatsNaam xsi:nil="true"/>
						<BG:gor.openbareRuimteNaam xsi:nil="true"/>
						<BG:huisnummer xsi:nil="true"/>
						<BG:huisletter xsi:nil="true"/>
						<BG:huisnummertoevoeging xsi:nil="true"/>
						<BG:postcode xsi:nil="true"/>
						<BG:num.indicatieHoofdadres xsi:nil="true"/>
						<BG:ingangsdatumObject xsi:nil="true"/>
						<BG:einddatumObject xsi:nil="true"/>
					</ZKN:adres>
				</ZKN:gerelateerde>
				<ZKN:omschrijving xsi:nil="true"/>
				<StUF:tijdvakRelatie>
					<StUF:beginRelatie xsi:nil="true"/>
					<StUF:eindRelatie xsi:nil="true"/>
				</StUF:tijdvakRelatie>
				<StUF:tijdstipRegistratie xsi:nil="true"/>
			</ZKN:heeftBetrekkingOp>
			<ZKN:heeftRelevant StUF:entiteittype="ZAKEDC">
				<ZKN:gerelateerde StUF:entiteittype="EDC">
					<ZKN:identificatie xsi:nil="true"/>
					<ZKN:creatiedatum xsi:nil="true"/>
					<ZKN:ontvangstdatum xsi:nil="true"/>
					<ZKN:titel xsi:nil="true"/>
					<ZKN:beschrijving xsi:nil="true"/>
					<ZKN:formaat xsi:nil="true"/>
					<ZKN:taal xsi:nil="true"/>
					<ZKN:versie xsi:nil="true"/>
					<ZKN:status xsi:nil="true"/>
					<ZKN:verzenddatum xsi:nil="true"/>
					<ZKN:vertrouwelijkAanduiding xsi:nil="true"/>
					<ZKN:auteur xsi:nil="true"/>
					<ZKN:link xsi:nil="true"/>
				</ZKN:gerelateerde>
				<ZKN:titel xsi:nil="true"/>
				<ZKN:beschrijving xsi:nil="true"/>
				<ZKN:registratiedatum xsi:nil="true"/>
			</ZKN:heeftRelevant>
		</ZKN:object>
	</ZKN:scope>
</ZKN:zakLv01>
