<ZKN:genereerZaakIdentificatie_Du02 xmlns:ZKN="http://www.egem.nl/StUF/sector/zkn/0310" xmlns:BG="http://www.egem.nl/StUF/sector/bg/0310" xmlns:StUF="http://www.egem.nl/StUF/StUF0301" xmlns:gml="http://www.opengis.net/gml" xmlns:xlink="http://www.w3.org/1999/xlink" xmlns:xsi="http://www.w3.org/2001/XMLSchema-instance">
	<ZKN:stuurgegevens>
		<StUF:berichtcode>Du02</StUF:berichtcode>
		<StUF:zender>
			<StUF:organisatie>KING</StUF:organisatie>
			<StUF:applicatie>KING</StUF:applicatie>
			<StUF:gebruiker/>
		</StUF:zender>
		<StUF:ontvanger>
			<StUF:organisatie>KING</StUF:organisatie>
			<StUF:applicatie>KING</StUF:applicatie>
			<StUF:gebruiker/>
		</StUF:ontvanger>
		<StUF:functie>genereerZaakidentificatie</StUF:functie>
	</ZKN:stuurgegevens>
	<ZKN:melding>melding</ZKN:melding>
	<ZKN:zaak StUF:entiteittype="ZAK" StUF:functie="entiteit">
		<ZKN:identificatie>123445678901234567890123456789012345600</ZKN:identificatie>
	</ZKN:zaak>
</ZKN:genereerZaakIdentificatie_Du02>
