<ZKN:updateZaakdocument_Di02 xmlns:ZKN="http://www.egem.nl/StUF/sector/zkn/0310" xmlns:StUF="http://www.egem.nl/StUF/StUF0301" xmlns:xsi="http://www.w3.org/2001/XMLSchema-instance" xsi:schemaLocation="http://www.egem.nl/StUF/sector/zkn/0310 file:///C:/Users/elgersmi/Dropbox%20(KNG)/Compliancy/Testset%20Zaak-%20en%20Documentservices%201.0/zkn0310_20140328_patch19/zkn0310/zs-dms/zkn0310_msg_zs-dms.xsd">
	<ZKN:stuurgegevens>
		<StUF:berichtcode>Di02</StUF:berichtcode>
		<StUF:zender>
			<StUF:organisatie>KING</StUF:organisatie>
			<StUF:applicatie>KING</StUF:applicatie>
			<StUF:gebruiker/>
		</StUF:zender>
		<StUF:ontvanger>
			<StUF:organisatie>KING</StUF:organisatie>
			<StUF:applicatie>KING</StUF:applicatie>
			<StUF:gebruiker/>
		</StUF:ontvanger>
		<StUF:tijdstipBericht>2013041109255225</StUF:tijdstipBericht>
		<StUF:functie>updateZaakdocument</StUF:functie>
	</ZKN:stuurgegevens>
	<ZKN:parameters>
		<ZKN:checkedOutId>klgjlkjg58025</ZKN:checkedOutId>
	</ZKN:parameters>
	<ZKN:edcLk02 StUF:entiteittype="EDC" StUF:functie="update">
		<ZKN:parameters>
			<StUF:mutatiesoort>W</StUF:mutatiesoort>
		</ZKN:parameters>
		<ZKN:object StUF:entiteittype="EDC" StUF:verwerkingssoort="W">
			<ZKN:identificatie>1672123456123456789012345678901234567890</ZKN:identificatie>
			<ZKN:dct.omschrijving>Aanvraag Levensonderhoud</ZKN:dct.omschrijving>
			<ZKN:creatiedatum>20130411</ZKN:creatiedatum>
			<ZKN:ontvangstdatum>20130517</ZKN:ontvangstdatum>
			<ZKN:titel>Testdocument</ZKN:titel>
			<ZKN:beschrijving>beschrijving</ZKN:beschrijving>
			<ZKN:formaat>text</ZKN:formaat>
			<ZKN:taal>NL</ZKN:taal>
			<ZKN:versie>1.0</ZKN:versie>
			<ZKN:status>in bewerking</ZKN:status>
			<ZKN:verzenddatum>20130518</ZKN:verzenddatum>
			<ZKN:vertrouwelijkAanduiding>ZEER GEHEIM</ZKN:vertrouwelijkAanduiding>
			<ZKN:auteur>Peter Bouwman</ZKN:auteur>
			<ZKN:inhoud StUF:bestandsnaam="dezezaak.txt">cGxlYXN1cmUu</ZKN:inhoud>
		</ZKN:object>
		<ZKN:object StUF:entiteittype="EDC" StUF:verwerkingssoort="W">
			<ZKN:identificatie>1672123456123456789012345678901234567890</ZKN:identificatie>
			<ZKN:dct.omschrijving>Aanvragen Levensonderhoud</ZKN:dct.omschrijving>
			<ZKN:creatiedatum>20130412</ZKN:creatiedatum>
			<ZKN:ontvangstdatum>20130518</ZKN:ontvangstdatum>
			<ZKN:titel>Aangepaste versie document</ZKN:titel>
			<ZKN:beschrijving>beschrijving 2</ZKN:beschrijving>
			<ZKN:formaat>pdf</ZKN:formaat>
			<ZKN:taal>NL</ZKN:taal>
			<ZKN:versie>1.1</ZKN:versie>
			<ZKN:status>Afgerond</ZKN:status>
			<ZKN:verzenddatum>20130519</ZKN:verzenddatum>
			<ZKN:vertrouwelijkAanduiding>ZAAKVERTROUWELIJK</ZKN:vertrouwelijkAanduiding>
			<ZKN:auteur>Andre Wiel</ZKN:auteur>
			<ZKN:inhoud StUF:bestandsnaam="dezezaak.txt">cGxlYXN1cmUu</ZKN:inhoud>
		</ZKN:object>
	</ZKN:edcLk02>
</ZKN:updateZaakdocument_Di02>
