<ZKN:zakLk01 xmlns:ZKN="http://www.egem.nl/StUF/sector/zkn/0310" xmlns:BG="http://www.egem.nl/StUF/sector/bg/0310" xmlns:StUF="http://www.egem.nl/StUF/StUF0301" xmlns:gml="http://www.opengis.net/gml" xmlns:xlink="http://www.w3.org/1999/xlink" xmlns:xsi="http://www.w3.org/2001/XMLSchema-instance">
	<ZKN:stuurgegevens>
		<StUF:berichtcode>Lk01</StUF:berichtcode>
		<StUF:zender>
			<StUF:organisatie>KING</StUF:organisatie>
			<StUF:applicatie>KING</StUF:applicatie>
			<StUF:gebruiker/>
		</StUF:zender>
		<StUF:ontvanger>
			<StUF:organisatie>KING</StUF:organisatie>
			<StUF:applicatie>KING</StUF:applicatie>
			<StUF:gebruiker/>
		</StUF:ontvanger>
		<StUF:referentienummer>1002</StUF:referentienummer>
		<StUF:tijdstipBericht>2014041115255225</StUF:tijdstipBericht>
		<StUF:entiteittype>ZAK</StUF:entiteittype>
	</ZKN:stuurgegevens>
	<ZKN:parameters>
		<StUF:mutatiesoort>W</StUF:mutatiesoort>
		<StUF:indicatorOvername>I</StUF:indicatorOvername>
	</ZKN:parameters>
	<ZKN:object StUF:entiteittype="ZAK" StUF:sleutelOntvangend="5700000000000000000000000000000000000001" StUF:verwerkingssoort="W">
		<ZKN:identificatie>123445678901234567890123456789012345600</ZKN:identificatie>
		<ZKN:omschrijving>Client</ZKN:omschrijving>
		<ZKN:toelichting>toelichting</ZKN:toelichting>
		<ZKN:kenmerk>
			<ZKN:kenmerk>13113</ZKN:kenmerk>
			<ZKN:bron>KING</ZKN:bron>
		</ZKN:kenmerk>
		<ZKN:anderZaakObject>
			<ZKN:omschrijving>WWB aanvragen via gemeente</ZKN:omschrijving>
			<ZKN:aanduiding>aanduiding</ZKN:aanduiding>
			<ZKN:lokatie>
				<gml:Polygon srsDimension="2" srsName="urn:ogc:def:crs:EPSG::28992">
					<gml:exterior>
						<gml:LinearRing>
							<gml:pos>3272.222</gml:pos>
							<gml:pos>565622.222</gml:pos>
							<gml:pos>3273.333</gml:pos>
							<gml:pos>565558.889</gml:pos>
							<gml:pos>3323.333</gml:pos>
							<gml:pos>565555.556</gml:pos>
							<gml:pos>3347.778</gml:pos>
							<gml:pos>565542.222</gml:pos>
							<gml:pos>3385.556</gml:pos>
							<gml:pos>565576.667</gml:pos>
							<gml:pos>3326.667</gml:pos>
							<gml:pos>565584.444</gml:pos>
							<gml:pos>3296.667</gml:pos>
							<gml:pos>565624.444</gml:pos>
							<gml:pos>3278.889</gml:pos>
							<gml:pos>565623.333</gml:pos>
							<gml:pos>3272.222</gml:pos>
							<gml:pos>565622.222</gml:pos>
						</gml:LinearRing>
					</gml:exterior>
				</gml:Polygon>
			</ZKN:lokatie>
			<ZKN:registratie>registratie</ZKN:registratie>
		</ZKN:anderZaakObject>
		<ZKN:resultaat>
			<ZKN:omschrijving>Toegekend</ZKN:omschrijving>
			<ZKN:toelichting>toelichting</ZKN:toelichting>
		</ZKN:resultaat>
		<ZKN:startdatum>20130516</ZKN:startdatum>
		<ZKN:registratiedatum>20130901</ZKN:registratiedatum>
		<ZKN:publicatiedatum>20120601</ZKN:publicatiedatum>
		<ZKN:einddatumGepland>20140701</ZKN:einddatumGepland>
		<ZKN:uiterlijkeEinddatum>20140101</ZKN:uiterlijkeEinddatum>
		<ZKN:einddatum StUF:noValue="geenWaarde" xsi:nil="true"/>
		<ZKN:opschorting>
			<ZKN:indicatie>J</ZKN:indicatie>
			<ZKN:reden>Langst mogelijke omschrijving voor om te testen wat je nog kunt zien en/of afkappen soms ook voorkomt</ZKN:reden>
		</ZKN:opschorting>
		<ZKN:verlenging>
			<ZKN:duur>999</ZKN:duur>
			<ZKN:reden>Langst mogelijke omschrijving voor om te testen wat je nog kunt zien en/of afkappen soms ook voorkomt</ZKN:reden>
		</ZKN:verlenging>
		<ZKN:betalingsIndicatie>N.v.t.</ZKN:betalingsIndicatie>
		<ZKN:laatsteBetaaldatum>20130901</ZKN:laatsteBetaaldatum>
		<ZKN:archiefnominatie>J</ZKN:archiefnominatie>
		<ZKN:datumVernietigingDossier>20160101</ZKN:datumVernietigingDossier>
		<ZKN:zaakniveau>1</ZKN:zaakniveau>
		<ZKN:deelzakenIndicatie>N</ZKN:deelzakenIndicatie>
		<StUF:tijdvakGeldigheid>
			<StUF:beginGeldigheid>20120331</StUF:beginGeldigheid>
			<StUF:eindGeldigheid>20140101</StUF:eindGeldigheid>
		</StUF:tijdvakGeldigheid>
		<ZKN:heeftBetrekkingOp StUF:entiteittype="ZAKOBJ" StUF:verwerkingssoort="W">
			<ZKN:gerelateerde>
				<ZKN:adres StUF:entiteittype="AOA" StUF:verwerkingssoort="W">
					<BG:identificatie>0000000000000021</BG:identificatie>
				</ZKN:adres>
			</ZKN:gerelateerde>
			<StUF:tijdvakRelatie>
				<StUF:beginRelatie>20060331</StUF:beginRelatie>
				<StUF:eindRelatie StUF:noValue="geenWaarde" xsi:nil="true"/>
			</StUF:tijdvakRelatie>
			<StUF:tijdstipRegistratie StUF:noValue="geenWaarde" xsi:nil="true"/>
		</ZKN:heeftBetrekkingOp>
		<ZKN:heeftAlsBelanghebbende StUF:entiteittype="ZAKBTRBLH" StUF:verwerkingssoort="W">
			<ZKN:gerelateerde>
				<ZKN:medewerker StUF:entiteittype="MDW" StUF:verwerkingssoort="W">
					<ZKN:identificatie>020471</ZKN:identificatie>
				</ZKN:medewerker>
			</ZKN:gerelateerde>
			<ZKN:code>B0901</ZKN:code>
			<ZKN:omschrijving>Client</ZKN:omschrijving>
			<ZKN:toelichting>toelichting</ZKN:toelichting>
			<ZKN:afwijkendCorrespondentieAdres>
				<BG:aoa.identificatie>0000000000000011</BG:aoa.identificatie>
			</ZKN:afwijkendCorrespondentieAdres>
			<StUF:tijdvakRelatie>
				<StUF:beginRelatie>20060331</StUF:beginRelatie>
				<StUF:eindRelatie StUF:noValue="geenWaarde" xsi:nil="true"/>
			</StUF:tijdvakRelatie>
			<StUF:tijdvakGeldigheid>
				<StUF:beginGeldigheid>20120331</StUF:beginGeldigheid>
				<StUF:eindGeldigheid>20140101</StUF:eindGeldigheid>
			</StUF:tijdvakGeldigheid>
			<StUF:tijdstipRegistratie StUF:noValue="geenWaarde" xsi:nil="true"/>
			<ZKN:heeftAlsAanspreekpunt StUF:entiteittype="ZAKBTRBLHCTP" StUF:verwerkingssoort="W">
				<ZKN:gerelateerde StUF:entiteittype="CTP" StUF:verwerkingssoort="W">
					<ZKN:identificatie>020471</ZKN:identificatie>
					<ZKN:naam>M de Mida Palm</ZKN:naam>
					<ZKN:isAanspreekpuntNamens StUF:entiteittype="CTPSUB" StUF:verwerkingssoort="W">
						<ZKN:gerelateerde>
							<BG:natuurlijkPersoon StUF:entiteittype="NPS" StUF:verwerkingssoort="W">
								<BG:inp.bsn>123456789</BG:inp.bsn>
								<BG:authentiek StUF:metagegeven="true">J</BG:authentiek>
								<BG:geslachtsnaam>Peters</BG:geslachtsnaam>
								<BG:voorvoegselGeslachtsnaam StUF:noValue="geenWaarde" xsi:nil="true"/>
								<BG:voorletters>P</BG:voorletters>
								<BG:voornamen>Pieter</BG:voornamen>
								<BG:geslachtsaanduiding>M</BG:geslachtsaanduiding>
								<BG:geboortedatum>19641119</BG:geboortedatum>
								<BG:verblijfsadres>
									<BG:wpl.woonplaatsNaam>Groningen</BG:wpl.woonplaatsNaam>
									<BG:gor.straatnaam>Groningsekoek</BG:gor.straatnaam>
									<BG:aoa.huisnummer>5</BG:aoa.huisnummer>
								</BG:verblijfsadres>
							</BG:natuurlijkPersoon>
						</ZKN:gerelateerde>
					</ZKN:isAanspreekpuntNamens>
				</ZKN:gerelateerde>
				<StUF:tijdvakRelatie>
					<StUF:beginRelatie>20060331</StUF:beginRelatie>
					<StUF:eindRelatie StUF:noValue="geenWaarde" xsi:nil="true"/>
				</StUF:tijdvakRelatie>
			</ZKN:heeftAlsAanspreekpunt>
		</ZKN:heeftAlsBelanghebbende>
		<ZKN:heeftAlsGemachtigde StUF:entiteittype="ZAKBTRGMC" StUF:verwerkingssoort="W">
			<ZKN:gerelateerde>
				<ZKN:medewerker StUF:entiteittype="MDW" StUF:verwerkingssoort="W">
					<ZKN:identificatie>020471</ZKN:identificatie>
				</ZKN:medewerker>
			</ZKN:gerelateerde>
			<ZKN:code>B0901</ZKN:code>
			<ZKN:omschrijving>Client</ZKN:omschrijving>
			<ZKN:toelichting>toelichting</ZKN:toelichting>
			<ZKN:afwijkendCorrespondentieAdres>
				<BG:aoa.identificatie>0000000000000011</BG:aoa.identificatie>
			</ZKN:afwijkendCorrespondentieAdres>
			<StUF:tijdvakRelatie>
				<StUF:beginRelatie>20060331</StUF:beginRelatie>
				<StUF:eindRelatie StUF:noValue="geenWaarde" xsi:nil="true"/>
			</StUF:tijdvakRelatie>
			<StUF:tijdvakGeldigheid>
				<StUF:beginGeldigheid>20120331</StUF:beginGeldigheid>
				<StUF:eindGeldigheid>20140101</StUF:eindGeldigheid>
			</StUF:tijdvakGeldigheid>
			<ZKN:heeftAlsAanspreekpunt StUF:entiteittype="ZAKBTRGMCCTP" StUF:verwerkingssoort="W">
				<ZKN:gerelateerde StUF:entiteittype="CTP" StUF:verwerkingssoort="W">
					<ZKN:identificatie>020471</ZKN:identificatie>
					<ZKN:naam>M de Mida Palm</ZKN:naam>
					<ZKN:isAanspreekpuntNamens StUF:entiteittype="CTPSUB" StUF:verwerkingssoort="W">
						<ZKN:gerelateerde>
							<BG:natuurlijkPersoon StUF:entiteittype="NPS" StUF:verwerkingssoort="W">
								<BG:inp.bsn>123456789</BG:inp.bsn>
								<BG:authentiek StUF:metagegeven="true">J</BG:authentiek>
								<BG:geslachtsnaam>Peters</BG:geslachtsnaam>
								<BG:voorvoegselGeslachtsnaam StUF:noValue="geenWaarde" xsi:nil="true"/>
								<BG:voorletters>P</BG:voorletters>
								<BG:voornamen>Pieter</BG:voornamen>
								<BG:geslachtsaanduiding>M</BG:geslachtsaanduiding>
								<BG:geboortedatum>19641119</BG:geboortedatum>
								<BG:verblijfsadres>
									<BG:wpl.woonplaatsNaam>Groningen</BG:wpl.woonplaatsNaam>
									<BG:gor.straatnaam>Groningsekoek</BG:gor.straatnaam>
									<BG:aoa.huisnummer>5</BG:aoa.huisnummer>
								</BG:verblijfsadres>
							</BG:natuurlijkPersoon>
						</ZKN:gerelateerde>
					</ZKN:isAanspreekpuntNamens>
				</ZKN:gerelateerde>
				<StUF:tijdvakRelatie>
					<StUF:beginRelatie>20060331</StUF:beginRelatie>
					<StUF:eindRelatie StUF:noValue="geenWaarde" xsi:nil="true"/>
				</StUF:tijdvakRelatie>
			</ZKN:heeftAlsAanspreekpunt>
		</ZKN:heeftAlsGemachtigde>
		<ZKN:heeftAlsUitvoerende StUF:entiteittype="ZAKBTRUTV" StUF:verwerkingssoort="W">
			<ZKN:gerelateerde>
				<ZKN:medewerker StUF:entiteittype="MDW" StUF:verwerkingssoort="W">
					<ZKN:identificatie>020471</ZKN:identificatie>
				</ZKN:medewerker>
			</ZKN:gerelateerde>
			<ZKN:code>B0901</ZKN:code>
			<ZKN:omschrijving>Client</ZKN:omschrijving>
			<ZKN:toelichting>toelichting</ZKN:toelichting>
			<ZKN:afwijkendCorrespondentieAdres>
				<BG:aoa.identificatie>0000000000000011</BG:aoa.identificatie>
			</ZKN:afwijkendCorrespondentieAdres>
			<StUF:tijdvakRelatie>
				<StUF:beginRelatie>20060331</StUF:beginRelatie>
				<StUF:eindRelatie StUF:noValue="geenWaarde" xsi:nil="true"/>
			</StUF:tijdvakRelatie>
			<StUF:tijdvakGeldigheid>
				<StUF:beginGeldigheid>20120331</StUF:beginGeldigheid>
				<StUF:eindGeldigheid>20140101</StUF:eindGeldigheid>
			</StUF:tijdvakGeldigheid>
			<ZKN:heeftAlsAanspreekpunt StUF:entiteittype="ZAKBTRUTVCTP" StUF:verwerkingssoort="W">
				<ZKN:gerelateerde StUF:entiteittype="CTP" StUF:verwerkingssoort="W">
					<ZKN:identificatie>020471</ZKN:identificatie>
					<ZKN:naam>M de Mida Palm</ZKN:naam>
					<ZKN:isAanspreekpuntNamens StUF:entiteittype="CTPSUB" StUF:verwerkingssoort="W">
						<ZKN:gerelateerde>
							<BG:natuurlijkPersoon StUF:entiteittype="NPS" StUF:verwerkingssoort="I">
								<BG:inp.bsn>123456789</BG:inp.bsn>
								<BG:authentiek StUF:metagegeven="true">J</BG:authentiek>
								<BG:geslachtsnaam>Peters</BG:geslachtsnaam>
								<BG:voorvoegselGeslachtsnaam StUF:noValue="geenWaarde" xsi:nil="true"/>
								<BG:voorletters>P</BG:voorletters>
								<BG:voornamen>Pieter</BG:voornamen>
								<BG:geslachtsaanduiding>M</BG:geslachtsaanduiding>
								<BG:geboortedatum>19641119</BG:geboortedatum>
								<BG:verblijfsadres>
									<BG:wpl.woonplaatsNaam>Groningen</BG:wpl.woonplaatsNaam>
									<BG:gor.straatnaam>Groningsekoek</BG:gor.straatnaam>
									<BG:aoa.huisnummer>5</BG:aoa.huisnummer>
								</BG:verblijfsadres>
							</BG:natuurlijkPersoon>
						</ZKN:gerelateerde>
					</ZKN:isAanspreekpuntNamens>
				</ZKN:gerelateerde>
				<StUF:tijdvakRelatie>
					<StUF:beginRelatie>20060331</StUF:beginRelatie>
					<StUF:eindRelatie StUF:noValue="geenWaarde" xsi:nil="true"/>
				</StUF:tijdvakRelatie>
			</ZKN:heeftAlsAanspreekpunt>
		</ZKN:heeftAlsUitvoerende>
		<ZKN:heeftAlsVerantwoordelijke StUF:entiteittype="ZAKBTRVRA" StUF:verwerkingssoort="W">
			<ZKN:gerelateerde>
				<ZKN:medewerker StUF:entiteittype="MDW" StUF:verwerkingssoort="W">
					<ZKN:identificatie>020471</ZKN:identificatie>
				</ZKN:medewerker>
			</ZKN:gerelateerde>
			<ZKN:code>B0901</ZKN:code>
			<ZKN:omschrijving>Client</ZKN:omschrijving>
			<ZKN:toelichting>toelichting</ZKN:toelichting>
			<ZKN:afwijkendCorrespondentieAdres>
				<BG:aoa.identificatie>0000000000000011</BG:aoa.identificatie>
			</ZKN:afwijkendCorrespondentieAdres>
			<StUF:tijdvakRelatie>
				<StUF:beginRelatie>20060331</StUF:beginRelatie>
				<StUF:eindRelatie StUF:noValue="geenWaarde" xsi:nil="true"/>
			</StUF:tijdvakRelatie>
			<StUF:tijdvakGeldigheid>
				<StUF:beginGeldigheid>20120331</StUF:beginGeldigheid>
				<StUF:eindGeldigheid>20140101</StUF:eindGeldigheid>
			</StUF:tijdvakGeldigheid>
			<ZKN:heeftAlsAanspreekpunt StUF:entiteittype="ZAKBTRVRACTP" StUF:verwerkingssoort="W">
				<ZKN:gerelateerde StUF:entiteittype="CTP" StUF:verwerkingssoort="W">
					<ZKN:identificatie>020471</ZKN:identificatie>
					<ZKN:naam>M de Mida Palm</ZKN:naam>
					<ZKN:isAanspreekpuntNamens StUF:entiteittype="CTPSUB" StUF:verwerkingssoort="W">
						<ZKN:gerelateerde>
							<BG:natuurlijkPersoon StUF:entiteittype="NPS" StUF:verwerkingssoort="I">
								<BG:inp.bsn>123456789</BG:inp.bsn>
								<BG:authentiek StUF:metagegeven="true">J</BG:authentiek>
								<BG:geslachtsnaam>Peters</BG:geslachtsnaam>
								<BG:voorvoegselGeslachtsnaam StUF:noValue="geenWaarde" xsi:nil="true"/>
								<BG:voorletters>P</BG:voorletters>
								<BG:voornamen>Pieter</BG:voornamen>
								<BG:geslachtsaanduiding>M</BG:geslachtsaanduiding>
								<BG:geboortedatum>19641119</BG:geboortedatum>
								<BG:verblijfsadres>
									<BG:wpl.woonplaatsNaam>Groningen</BG:wpl.woonplaatsNaam>
									<BG:gor.straatnaam>Groningsekoek</BG:gor.straatnaam>
									<BG:aoa.huisnummer>5</BG:aoa.huisnummer>
								</BG:verblijfsadres>
							</BG:natuurlijkPersoon>
						</ZKN:gerelateerde>
					</ZKN:isAanspreekpuntNamens>
				</ZKN:gerelateerde>
				<StUF:tijdvakRelatie>
					<StUF:beginRelatie>20060331</StUF:beginRelatie>
					<StUF:eindRelatie StUF:noValue="geenWaarde" xsi:nil="true"/>
				</StUF:tijdvakRelatie>
			</ZKN:heeftAlsAanspreekpunt>
		</ZKN:heeftAlsVerantwoordelijke>
		<ZKN:heeftAlsOverigBetrokkene StUF:entiteittype="ZAKBTROVR" StUF:verwerkingssoort="W">
			<ZKN:gerelateerde>
				<ZKN:medewerker StUF:entiteittype="MDW" StUF:verwerkingssoort="W">
					<ZKN:identificatie>020471</ZKN:identificatie>
				</ZKN:medewerker>
			</ZKN:gerelateerde>
			<ZKN:code>B0901</ZKN:code>
			<ZKN:omschrijving>Client</ZKN:omschrijving>
			<ZKN:toelichting>toelichting</ZKN:toelichting>
			<ZKN:afwijkendCorrespondentieAdres>
				<BG:aoa.identificatie>0000000000000011</BG:aoa.identificatie>
			</ZKN:afwijkendCorrespondentieAdres>
			<StUF:tijdvakRelatie>
				<StUF:beginRelatie>20060331</StUF:beginRelatie>
				<StUF:eindRelatie StUF:noValue="geenWaarde" xsi:nil="true"/>
			</StUF:tijdvakRelatie>
			<StUF:tijdvakGeldigheid>
				<StUF:beginGeldigheid>20120331</StUF:beginGeldigheid>
				<StUF:eindGeldigheid>20140101</StUF:eindGeldigheid>
			</StUF:tijdvakGeldigheid>
			<ZKN:heeftAlsAanspreekpunt StUF:entiteittype="ZAKBTROVRCTP" StUF:verwerkingssoort="W">
				<ZKN:gerelateerde StUF:entiteittype="CTP" StUF:verwerkingssoort="W">
					<ZKN:identificatie>020471</ZKN:identificatie>
					<ZKN:naam>M de Mida Palm</ZKN:naam>
					<ZKN:isAanspreekpuntNamens StUF:entiteittype="CTPSUB" StUF:verwerkingssoort="W">
						<ZKN:gerelateerde>
							<BG:natuurlijkPersoon StUF:entiteittype="NPS" StUF:verwerkingssoort="I">
								<BG:inp.bsn>123456789</BG:inp.bsn>
								<BG:authentiek StUF:metagegeven="true">J</BG:authentiek>
								<BG:geslachtsnaam>Peters</BG:geslachtsnaam>
								<BG:voorvoegselGeslachtsnaam StUF:noValue="geenWaarde" xsi:nil="true"/>
								<BG:voorletters>P</BG:voorletters>
								<BG:voornamen>Pieter</BG:voornamen>
								<BG:geslachtsaanduiding>M</BG:geslachtsaanduiding>
								<BG:geboortedatum>19641119</BG:geboortedatum>
								<BG:verblijfsadres>
									<BG:wpl.woonplaatsNaam>Groningen</BG:wpl.woonplaatsNaam>
									<BG:gor.straatnaam>Groningsekoek</BG:gor.straatnaam>
									<BG:aoa.huisnummer>5</BG:aoa.huisnummer>
								</BG:verblijfsadres>
							</BG:natuurlijkPersoon>
						</ZKN:gerelateerde>
					</ZKN:isAanspreekpuntNamens>
				</ZKN:gerelateerde>
				<StUF:tijdvakRelatie>
					<StUF:beginRelatie>20060331</StUF:beginRelatie>
					<StUF:eindRelatie StUF:noValue="geenWaarde" xsi:nil="true"/>
				</StUF:tijdvakRelatie>
			</ZKN:heeftAlsAanspreekpunt>
		</ZKN:heeftAlsOverigBetrokkene>
	</ZKN:object>
	<ZKN:object StUF:entiteittype="ZAK" StUF:sleutelOntvangend="5700000000000000000000000000000000000001" StUF:verwerkingssoort="W">
		<ZKN:identificatie>123445678901234567890123456789012345600</ZKN:identificatie>
		<ZKN:omschrijving>Client</ZKN:omschrijving>
		<ZKN:toelichting>toelichtingen</ZKN:toelichting>
		<ZKN:kenmerk>
			<ZKN:kenmerk>13113</ZKN:kenmerk>
			<ZKN:bron>KING</ZKN:bron>
		</ZKN:kenmerk>
		<ZKN:anderZaakObject>
			<ZKN:omschrijving>WWB aanvragen via gemeenten</ZKN:omschrijving>
			<ZKN:aanduiding>aanduidingen</ZKN:aanduiding>
			<ZKN:lokatie>
				<gml:Polygon srsDimension="2" srsName="urn:ogc:def:crs:EPSG::28992">
					<gml:exterior>
						<gml:LinearRing>
							<gml:pos>3272.222</gml:pos>
							<gml:pos>565622.222</gml:pos>
							<gml:pos>3273.333</gml:pos>
							<gml:pos>565558.889</gml:pos>
							<gml:pos>3323.333</gml:pos>
							<gml:pos>565555.556</gml:pos>
							<gml:pos>3347.778</gml:pos>
							<gml:pos>565542.222</gml:pos>
							<gml:pos>3385.556</gml:pos>
							<gml:pos>565576.667</gml:pos>
							<gml:pos>3326.667</gml:pos>
							<gml:pos>565584.444</gml:pos>
							<gml:pos>3296.667</gml:pos>
							<gml:pos>565624.444</gml:pos>
							<gml:pos>3278.889</gml:pos>
							<gml:pos>565623.333</gml:pos>
							<gml:pos>3272.222</gml:pos>
							<gml:pos>565622.222</gml:pos>
						</gml:LinearRing>
					</gml:exterior>
				</gml:Polygon>
			</ZKN:lokatie>
			<ZKN:registratie>registratie</ZKN:registratie>
		</ZKN:anderZaakObject>
		<ZKN:resultaat>
			<ZKN:omschrijving>Toegekend</ZKN:omschrijving>
			<ZKN:toelichting>toelichtingen</ZKN:toelichting>
		</ZKN:resultaat>
		<ZKN:startdatum>20130516</ZKN:startdatum>
		<ZKN:registratiedatum>20130901</ZKN:registratiedatum>
		<ZKN:publicatiedatum>20120601</ZKN:publicatiedatum>
		<ZKN:einddatumGepland>20140701</ZKN:einddatumGepland>
		<ZKN:uiterlijkeEinddatum>20140101</ZKN:uiterlijkeEinddatum>
		<ZKN:einddatum>20130516</ZKN:einddatum>
		<ZKN:opschorting>
			<ZKN:indicatie>J</ZKN:indicatie>
			<ZKN:reden>Langst mogelijke omschrijving</ZKN:reden>
		</ZKN:opschorting>
		<ZKN:verlenging>
			<ZKN:duur>999</ZKN:duur>
			<ZKN:reden>Langst mogelijke omschrijving</ZKN:reden>
		</ZKN:verlenging>
		<ZKN:betalingsIndicatie>N.v.t.</ZKN:betalingsIndicatie>
		<ZKN:laatsteBetaaldatum>20130901</ZKN:laatsteBetaaldatum>
		<ZKN:archiefnominatie>J</ZKN:archiefnominatie>
		<ZKN:datumVernietigingDossier>20160101</ZKN:datumVernietigingDossier>
		<ZKN:zaakniveau>1</ZKN:zaakniveau>
		<ZKN:deelzakenIndicatie>N</ZKN:deelzakenIndicatie>
		<StUF:tijdvakGeldigheid>
			<StUF:beginGeldigheid>20140101</StUF:beginGeldigheid>
			<StUF:eindGeldigheid StUF:noValue="geenWaarde" xsi:nil="true"/>
		</StUF:tijdvakGeldigheid>
		<StUF:tijdstipRegistratie>20131107110525</StUF:tijdstipRegistratie>
		<ZKN:heeftBetrekkingOp StUF:entiteittype="ZAKOBJ" StUF:verwerkingssoort="W">
			<ZKN:gerelateerde>
				<ZKN:adres StUF:entiteittype="AOA" StUF:verwerkingssoort="W">
					<BG:identificatie>0000000000000021</BG:identificatie>
				</ZKN:adres>
			</ZKN:gerelateerde>
			<StUF:tijdvakRelatie>
				<StUF:beginRelatie>20060331</StUF:beginRelatie>
				<StUF:eindRelatie StUF:noValue="geenWaarde" xsi:nil="true"/>
			</StUF:tijdvakRelatie>
			<StUF:tijdstipRegistratie>20131107110525</StUF:tijdstipRegistratie>
		</ZKN:heeftBetrekkingOp>
		<ZKN:heeftAlsBelanghebbende StUF:entiteittype="ZAKBTRBLH" StUF:verwerkingssoort="W">
			<ZKN:gerelateerde>
				<ZKN:medewerker StUF:entiteittype="MDW" StUF:verwerkingssoort="W">
					<ZKN:identificatie>020471</ZKN:identificatie>
				</ZKN:medewerker>
			</ZKN:gerelateerde>
			<ZKN:code>B0901</ZKN:code>
			<ZKN:omschrijving>Client</ZKN:omschrijving>
			<ZKN:toelichting>toelichtingen</ZKN:toelichting>
			<ZKN:afwijkendCorrespondentieAdres>
				<BG:aoa.identificatie>0000000000000011</BG:aoa.identificatie>
			</ZKN:afwijkendCorrespondentieAdres>
			<StUF:tijdvakRelatie>
				<StUF:beginRelatie>20060331</StUF:beginRelatie>
				<StUF:eindRelatie StUF:noValue="geenWaarde" xsi:nil="true"/>
			</StUF:tijdvakRelatie>
			<StUF:tijdvakGeldigheid>
				<StUF:beginGeldigheid>20140101</StUF:beginGeldigheid>
				<StUF:eindGeldigheid StUF:noValue="geenWaarde" xsi:nil="true"/>
			</StUF:tijdvakGeldigheid>
			<StUF:tijdstipRegistratie>20131107110525</StUF:tijdstipRegistratie>
			<ZKN:heeftAlsAanspreekpunt StUF:entiteittype="ZAKBTRBLHCTP" StUF:verwerkingssoort="W">
				<ZKN:gerelateerde StUF:entiteittype="CTP" StUF:verwerkingssoort="W">
					<ZKN:identificatie>020471</ZKN:identificatie>
					<ZKN:naam>M de Mida Palm</ZKN:naam>
					<ZKN:isAanspreekpuntNamens StUF:entiteittype="CTPSUB" StUF:verwerkingssoort="W">
						<ZKN:gerelateerde>
							<BG:natuurlijkPersoon StUF:entiteittype="NPS" StUF:verwerkingssoort="W">
								<BG:inp.bsn>123456789</BG:inp.bsn>
								<BG:authentiek StUF:metagegeven="true">J</BG:authentiek>
								<BG:geslachtsnaam>Peters</BG:geslachtsnaam>
								<BG:voorvoegselGeslachtsnaam StUF:noValue="geenWaarde" xsi:nil="true"/>
								<BG:voorletters>P</BG:voorletters>
								<BG:voornamen>Pieters</BG:voornamen>
								<BG:geslachtsaanduiding>M</BG:geslachtsaanduiding>
								<BG:geboortedatum>19641119</BG:geboortedatum>
								<BG:verblijfsadres>
									<BG:wpl.woonplaatsNaam>Groningen</BG:wpl.woonplaatsNaam>
									<BG:gor.straatnaam>Groningsekoeken</BG:gor.straatnaam>
									<BG:aoa.huisnummer>5</BG:aoa.huisnummer>
								</BG:verblijfsadres>
							</BG:natuurlijkPersoon>
						</ZKN:gerelateerde>
					</ZKN:isAanspreekpuntNamens>
				</ZKN:gerelateerde>
				<StUF:tijdvakRelatie>
					<StUF:beginRelatie>20060331</StUF:beginRelatie>
					<StUF:eindRelatie StUF:noValue="geenWaarde" xsi:nil="true"/>
				</StUF:tijdvakRelatie>
			</ZKN:heeftAlsAanspreekpunt>
		</ZKN:heeftAlsBelanghebbende>
		<ZKN:heeftAlsGemachtigde StUF:entiteittype="ZAKBTRGMC" StUF:verwerkingssoort="W">
			<ZKN:gerelateerde>
				<ZKN:medewerker StUF:entiteittype="MDW" StUF:verwerkingssoort="W">
					<ZKN:identificatie>020471</ZKN:identificatie>
				</ZKN:medewerker>
			</ZKN:gerelateerde>
			<ZKN:code>B0901</ZKN:code>
			<ZKN:omschrijving>Client</ZKN:omschrijving>
			<ZKN:toelichting>toelichting</ZKN:toelichting>
			<ZKN:afwijkendCorrespondentieAdres>
				<BG:aoa.identificatie>0000000000000011</BG:aoa.identificatie>
			</ZKN:afwijkendCorrespondentieAdres>
			<StUF:tijdvakRelatie>
				<StUF:beginRelatie>20060331</StUF:beginRelatie>
				<StUF:eindRelatie StUF:noValue="geenWaarde" xsi:nil="true"/>
			</StUF:tijdvakRelatie>
			<StUF:tijdvakGeldigheid>
				<StUF:beginGeldigheid>20140101</StUF:beginGeldigheid>
				<StUF:eindGeldigheid StUF:noValue="geenWaarde" xsi:nil="true"/>
			</StUF:tijdvakGeldigheid>
			<StUF:tijdstipRegistratie>20131107110525</StUF:tijdstipRegistratie>
			<ZKN:heeftAlsAanspreekpunt StUF:entiteittype="ZAKBTRGMCCTP" StUF:verwerkingssoort="W">
				<ZKN:gerelateerde StUF:entiteittype="CTP" StUF:verwerkingssoort="W">
					<ZKN:identificatie>020471</ZKN:identificatie>
					<ZKN:naam>M de Mida Palm</ZKN:naam>
					<ZKN:isAanspreekpuntNamens StUF:entiteittype="CTPSUB" StUF:verwerkingssoort="W">
						<ZKN:gerelateerde>
							<BG:natuurlijkPersoon StUF:entiteittype="NPS" StUF:verwerkingssoort="W">
								<BG:inp.bsn>123456789</BG:inp.bsn>
								<BG:authentiek StUF:metagegeven="true">J</BG:authentiek>
								<BG:geslachtsnaam>Peters</BG:geslachtsnaam>
								<BG:voorvoegselGeslachtsnaam StUF:noValue="geenWaarde" xsi:nil="true"/>
								<BG:voorletters>P</BG:voorletters>
								<BG:voornamen>Pieters</BG:voornamen>
								<BG:geslachtsaanduiding>M</BG:geslachtsaanduiding>
								<BG:geboortedatum>19641119</BG:geboortedatum>
								<BG:verblijfsadres>
									<BG:wpl.woonplaatsNaam>Groningen</BG:wpl.woonplaatsNaam>
									<BG:gor.straatnaam>Groningsekoeken</BG:gor.straatnaam>
									<BG:aoa.huisnummer>5</BG:aoa.huisnummer>
								</BG:verblijfsadres>
							</BG:natuurlijkPersoon>
						</ZKN:gerelateerde>
					</ZKN:isAanspreekpuntNamens>
				</ZKN:gerelateerde>
				<StUF:tijdvakRelatie>
					<StUF:beginRelatie>20060331</StUF:beginRelatie>
					<StUF:eindRelatie StUF:noValue="geenWaarde" xsi:nil="true"/>
				</StUF:tijdvakRelatie>
			</ZKN:heeftAlsAanspreekpunt>
		</ZKN:heeftAlsGemachtigde>
		<ZKN:heeftAlsUitvoerende StUF:entiteittype="ZAKBTRUTV" StUF:verwerkingssoort="W">
			<ZKN:gerelateerde>
				<ZKN:medewerker StUF:entiteittype="MDW" StUF:verwerkingssoort="W">
					<ZKN:identificatie>020471</ZKN:identificatie>
				</ZKN:medewerker>
			</ZKN:gerelateerde>
			<ZKN:code>B0901</ZKN:code>
			<ZKN:omschrijving>Client</ZKN:omschrijving>
			<ZKN:toelichting>toelichtingen</ZKN:toelichting>
			<ZKN:afwijkendCorrespondentieAdres>
				<BG:aoa.identificatie>0000000000000011</BG:aoa.identificatie>
			</ZKN:afwijkendCorrespondentieAdres>
			<StUF:tijdvakRelatie>
				<StUF:beginRelatie>20060331</StUF:beginRelatie>
				<StUF:eindRelatie StUF:noValue="geenWaarde" xsi:nil="true"/>
			</StUF:tijdvakRelatie>
			<StUF:tijdvakGeldigheid>
				<StUF:beginGeldigheid>20140101</StUF:beginGeldigheid>
				<StUF:eindGeldigheid StUF:noValue="geenWaarde" xsi:nil="true"/>
			</StUF:tijdvakGeldigheid>
			<StUF:tijdstipRegistratie>20131107110525</StUF:tijdstipRegistratie>
			<ZKN:heeftAlsAanspreekpunt StUF:entiteittype="ZAKBTRUTVCTP" StUF:verwerkingssoort="W">
				<ZKN:gerelateerde StUF:entiteittype="CTP" StUF:verwerkingssoort="W">
					<ZKN:identificatie>020471</ZKN:identificatie>
					<ZKN:naam>M de Mida Palm</ZKN:naam>
					<ZKN:isAanspreekpuntNamens StUF:entiteittype="CTPSUB" StUF:verwerkingssoort="W">
						<ZKN:gerelateerde>
							<BG:natuurlijkPersoon StUF:entiteittype="NPS" StUF:verwerkingssoort="I">
								<BG:inp.bsn>123456789</BG:inp.bsn>
								<BG:authentiek StUF:metagegeven="true">J</BG:authentiek>
								<BG:geslachtsnaam>Peters</BG:geslachtsnaam>
								<BG:voorvoegselGeslachtsnaam StUF:noValue="geenWaarde" xsi:nil="true"/>
								<BG:voorletters>P</BG:voorletters>
								<BG:voornamen>Pieters</BG:voornamen>
								<BG:geslachtsaanduiding>M</BG:geslachtsaanduiding>
								<BG:geboortedatum>19641119</BG:geboortedatum>
								<BG:verblijfsadres>
									<BG:wpl.woonplaatsNaam>Groningen</BG:wpl.woonplaatsNaam>
									<BG:gor.straatnaam>Groningsekoeken</BG:gor.straatnaam>
									<BG:aoa.huisnummer>5</BG:aoa.huisnummer>
								</BG:verblijfsadres>
							</BG:natuurlijkPersoon>
						</ZKN:gerelateerde>
					</ZKN:isAanspreekpuntNamens>
				</ZKN:gerelateerde>
				<StUF:tijdvakRelatie>
					<StUF:beginRelatie>20060331</StUF:beginRelatie>
					<StUF:eindRelatie StUF:noValue="geenWaarde" xsi:nil="true"/>
				</StUF:tijdvakRelatie>
			</ZKN:heeftAlsAanspreekpunt>
		</ZKN:heeftAlsUitvoerende>
		<ZKN:heeftAlsVerantwoordelijke StUF:entiteittype="ZAKBTRVRA" StUF:verwerkingssoort="W">
			<ZKN:gerelateerde>
				<ZKN:medewerker StUF:entiteittype="MDW" StUF:verwerkingssoort="W">
					<ZKN:identificatie>020471</ZKN:identificatie>
				</ZKN:medewerker>
			</ZKN:gerelateerde>
			<ZKN:code>B0901</ZKN:code>
			<ZKN:omschrijving>Client</ZKN:omschrijving>
			<ZKN:toelichting>toelichtingen</ZKN:toelichting>
			<ZKN:afwijkendCorrespondentieAdres>
				<BG:aoa.identificatie>0000000000000011</BG:aoa.identificatie>
			</ZKN:afwijkendCorrespondentieAdres>
			<StUF:tijdvakRelatie>
				<StUF:beginRelatie>20060331</StUF:beginRelatie>
				<StUF:eindRelatie StUF:noValue="geenWaarde" xsi:nil="true"/>
			</StUF:tijdvakRelatie>
			<StUF:tijdvakGeldigheid>
				<StUF:beginGeldigheid>20140101</StUF:beginGeldigheid>
				<StUF:eindGeldigheid StUF:noValue="geenWaarde" xsi:nil="true"/>
			</StUF:tijdvakGeldigheid>
			<StUF:tijdstipRegistratie>20131107110525</StUF:tijdstipRegistratie>
			<ZKN:heeftAlsAanspreekpunt StUF:entiteittype="ZAKBTRVRACTP" StUF:verwerkingssoort="W">
				<ZKN:gerelateerde StUF:entiteittype="CTP" StUF:verwerkingssoort="W">
					<ZKN:identificatie>020471</ZKN:identificatie>
					<ZKN:naam>M de Mida Palm</ZKN:naam>
					<ZKN:isAanspreekpuntNamens StUF:entiteittype="CTPSUB" StUF:verwerkingssoort="W">
						<ZKN:gerelateerde>
							<BG:natuurlijkPersoon StUF:entiteittype="NPS" StUF:verwerkingssoort="W">
								<BG:inp.bsn>123456789</BG:inp.bsn>
								<BG:authentiek StUF:metagegeven="true">J</BG:authentiek>
								<BG:geslachtsnaam>Peters</BG:geslachtsnaam>
								<BG:voorvoegselGeslachtsnaam StUF:noValue="geenWaarde" xsi:nil="true"/>
								<BG:voorletters>P</BG:voorletters>
								<BG:voornamen>Pieters</BG:voornamen>
								<BG:geslachtsaanduiding>M</BG:geslachtsaanduiding>
								<BG:geboortedatum>19641119</BG:geboortedatum>
								<BG:verblijfsadres>
									<BG:wpl.woonplaatsNaam>Groningen</BG:wpl.woonplaatsNaam>
									<BG:gor.straatnaam>Groningsekoeken</BG:gor.straatnaam>
									<BG:aoa.huisnummer>5</BG:aoa.huisnummer>
								</BG:verblijfsadres>
							</BG:natuurlijkPersoon>
						</ZKN:gerelateerde>
					</ZKN:isAanspreekpuntNamens>
				</ZKN:gerelateerde>
				<StUF:tijdvakRelatie>
					<StUF:beginRelatie>20060331</StUF:beginRelatie>
					<StUF:eindRelatie StUF:noValue="geenWaarde" xsi:nil="true"/>
				</StUF:tijdvakRelatie>
			</ZKN:heeftAlsAanspreekpunt>
		</ZKN:heeftAlsVerantwoordelijke>
		<ZKN:heeftAlsOverigBetrokkene StUF:entiteittype="ZAKBTROVR" StUF:verwerkingssoort="W">
			<ZKN:gerelateerde>
				<ZKN:medewerker StUF:entiteittype="MDW" StUF:verwerkingssoort="W">
					<ZKN:identificatie>020471</ZKN:identificatie>
				</ZKN:medewerker>
			</ZKN:gerelateerde>
			<ZKN:code>B0901</ZKN:code>
			<ZKN:omschrijving>Client</ZKN:omschrijving>
			<ZKN:toelichting>toelichtingen</ZKN:toelichting>
			<ZKN:afwijkendCorrespondentieAdres>
				<BG:aoa.identificatie>0000000000000011</BG:aoa.identificatie>
			</ZKN:afwijkendCorrespondentieAdres>
			<StUF:tijdvakRelatie>
				<StUF:beginRelatie>20060331</StUF:beginRelatie>
				<StUF:eindRelatie StUF:noValue="geenWaarde" xsi:nil="true"/>
			</StUF:tijdvakRelatie>
			<StUF:tijdvakGeldigheid>
				<StUF:beginGeldigheid>20140101</StUF:beginGeldigheid>
				<StUF:eindGeldigheid StUF:noValue="geenWaarde" xsi:nil="true"/>
			</StUF:tijdvakGeldigheid>
			<StUF:tijdstipRegistratie>20131107110525</StUF:tijdstipRegistratie>
			<ZKN:heeftAlsAanspreekpunt StUF:entiteittype="ZAKBTROVRCTP" StUF:verwerkingssoort="W">
				<ZKN:gerelateerde StUF:entiteittype="CTP" StUF:verwerkingssoort="W">
					<ZKN:identificatie>020471</ZKN:identificatie>
					<ZKN:naam>M de Mida Palm</ZKN:naam>
					<ZKN:isAanspreekpuntNamens StUF:entiteittype="CTPSUB" StUF:verwerkingssoort="W">
						<ZKN:gerelateerde>
							<BG:natuurlijkPersoon StUF:entiteittype="NPS" StUF:verwerkingssoort="W">
								<BG:inp.bsn>123456789</BG:inp.bsn>
								<BG:authentiek StUF:metagegeven="true">J</BG:authentiek>
								<BG:geslachtsnaam>Peters</BG:geslachtsnaam>
								<BG:voorvoegselGeslachtsnaam StUF:noValue="geenWaarde" xsi:nil="true"/>
								<BG:voorletters>P</BG:voorletters>
								<BG:voornamen>Pieters</BG:voornamen>
								<BG:geslachtsaanduiding>M</BG:geslachtsaanduiding>
								<BG:geboortedatum>19641119</BG:geboortedatum>
								<BG:verblijfsadres>
									<BG:wpl.woonplaatsNaam>Groningen</BG:wpl.woonplaatsNaam>
									<BG:gor.straatnaam>Groningsekoek</BG:gor.straatnaam>
									<BG:aoa.huisnummer>5</BG:aoa.huisnummer>
								</BG:verblijfsadres>
							</BG:natuurlijkPersoon>
						</ZKN:gerelateerde>
					</ZKN:isAanspreekpuntNamens>
				</ZKN:gerelateerde>
				<StUF:tijdvakRelatie>
					<StUF:beginRelatie>20060331</StUF:beginRelatie>
					<StUF:eindRelatie StUF:noValue="geenWaarde" xsi:nil="true"/>
				</StUF:tijdvakRelatie>
			</ZKN:heeftAlsAanspreekpunt>
		</ZKN:heeftAlsOverigBetrokkene>
	</ZKN:object>
</ZKN:zakLk01>
