<ZKN:edcLk01 xmlns:ZKN="http://www.egem.nl/StUF/sector/zkn/0310" xmlns:BG="http://www.egem.nl/StUF/sector/bg/0310" xmlns:StUF="http://www.egem.nl/StUF/StUF0301" xmlns:gml="http://www.opengis.net/gml" xmlns:xlink="http://www.w3.org/1999/xlink" xmlns:xsi="http://www.w3.org/2001/XMLSchema-instance">
	<ZKN:stuurgegevens>
		<StUF:berichtcode>Lk01</StUF:berichtcode>
		<StUF:zender>
			<StUF:organisatie>KING</StUF:organisatie>
			<StUF:applicatie>KING</StUF:applicatie>
			<StUF:gebruiker>exectoken-170773</StUF:gebruiker>
		</StUF:zender>
		<StUF:ontvanger>
			<StUF:organisatie>KING</StUF:organisatie>
			<StUF:applicatie>KING</StUF:applicatie>
			<StUF:gebruiker/>
		</StUF:ontvanger>
		<StUF:referentienummer>2001</StUF:referentienummer>
		<StUF:tijdstipBericht>2013041113255225</StUF:tijdstipBericht>
		<StUF:entiteittype>EDC</StUF:entiteittype>
	</ZKN:stuurgegevens>
	<ZKN:parameters>
		<StUF:mutatiesoort>T</StUF:mutatiesoort>
		<StUF:indicatorOvername>V</StUF:indicatorOvername>
	</ZKN:parameters>
	<ZKN:object StUF:entiteittype="EDC" StUF:sleutelOntvangend="5700000000000000000000000000000000000001" StUF:verwerkingssoort="T">
		<ZKN:identificatie>1672123456123456789012345678901234567890</ZKN:identificatie>
		<ZKN:dct.omschrijving>Aanvraag Levensonderhoud</ZKN:dct.omschrijving>
		<ZKN:creatiedatum>20130411</ZKN:creatiedatum>
		<ZKN:ontvangstdatum>20130517</ZKN:ontvangstdatum>
		<ZKN:titel>Testdocument</ZKN:titel>
		<ZKN:beschrijving>beschrijving</ZKN:beschrijving>
		<ZKN:formaat>text</ZKN:formaat>
		<ZKN:taal>NL</ZKN:taal>
		<ZKN:versie>1.0</ZKN:versie>
		<ZKN:status>in bewerking</ZKN:status>
		<ZKN:verzenddatum>20130518</ZKN:verzenddatum>
		<ZKN:vertrouwelijkAanduiding>ZEER GEHEIM</ZKN:vertrouwelijkAanduiding>
		<ZKN:auteur>Peter Bouwman</ZKN:auteur>
		<ZKN:inhoud StUF:bestandsnaam="dezezaak.txt">cGxlYXN1cmUu</ZKN:inhoud>
		<StUF:tijdvakGeldigheid>
			<StUF:beginGeldigheid>20120331</StUF:beginGeldigheid>
			<StUF:eindGeldigheid StUF:noValue="geenWaarde" xsi:nil="true"/>
		</StUF:tijdvakGeldigheid>
		<StUF:tijdstipRegistratie>20111107110525</StUF:tijdstipRegistratie>
		<ZKN:isRelevantVoor StUF:entiteittype="EDCZAK" StUF:verwerkingssoort="T">
			<ZKN:gerelateerde StUF:entiteittype="ZAK" StUF:verwerkingssoort="T">
				<ZKN:identificatie>5700000000000000000000000000000000000011</ZKN:identificatie>
				<ZKN:omschrijving>Client</ZKN:omschrijving>
				<ZKN:isVan StUF:entiteittype="ZAKZKT" StUF:verwerkingssoort="T">
					<ZKN:gerelateerde StUF:entiteittype="ZKT" StUF:verwerkingssoort="T">
						<ZKN:omschrijving>Client</ZKN:omschrijving>
						<ZKN:code>B0901</ZKN:code>
						<ZKN:ingangsdatumObject>20060331</ZKN:ingangsdatumObject>
					</ZKN:gerelateerde>
				</ZKN:isVan>
			</ZKN:gerelateerde>
			<StUF:tijdvakRelatie>
				<StUF:beginRelatie>20060331</StUF:beginRelatie>
			</StUF:tijdvakRelatie>
			<StUF:tijdvakGeldigheid>
				<StUF:beginGeldigheid>20140331</StUF:beginGeldigheid>
				<StUF:eindGeldigheid StUF:noValue="geenWaarde" xsi:nil="true"/>
			</StUF:tijdvakGeldigheid>
			<StUF:tijdstipRegistratie>20111107110525</StUF:tijdstipRegistratie>
		</ZKN:isRelevantVoor>
	</ZKN:object>
</ZKN:edcLk01>
