<?xml version="1.0" encoding="UTF-8"?>
<!--Sample XML file generated by XMLSpy v2019 rel. 3 sp1 (x64) (http://www.altova.com)-->
<JZ:vtMeldingDi01 xmlns:StUF="http://www.egem.nl/StUF/StUF0301" xmlns:BG="http://www.egem.nl/StUF/sector/bg/0310" xmlns:ZKN="http://www.egem.nl/StUF/sector/zkn/0310" xmlns:xsi="http://www.w3.org/2001/XMLSchema-instance" xmlns:JZ="http://www.stufstandaarden.nl/koppelvlak/jz0100" xsi:schemaLocation="http://www.stufstandaarden.nl/koppelvlak/jz0100 file:///C:/Data/KING/Kern-taken/StUF/StUFmaster/jz0100/vtberichten/jz0100_msg_vtberichten.xsd">
	<JZ:stuurgegevens>
		<StUF:berichtcode>Di01</StUF:berichtcode>
		<StUF:zender>
			<StUF:organisatie>[OIN nummer BJAA, Jeugdhulpverlener]</StUF:organisatie>
			<StUF:applicatie>[Applicatie BJAA, Jeugdhulpverlener]</StUF:applicatie>
			<StUF:administratie>[Administratie BJAA, Jeugdhulpverlener]</StUF:administratie>
		</StUF:zender>
		<StUF:ontvanger>
			<StUF:organisatie>[OIN nummer RvdK]</StUF:organisatie>
			<StUF:applicatie>[Applicatie Rvdk]</StUF:applicatie>
			<StUF:administratie>[Administratie RvdK]</StUF:administratie>
		</StUF:ontvanger>
		<StUF:referentienummer>[referentienummer]</StUF:referentienummer>
		<StUF:tijdstipBericht>201404101600</StUF:tijdstipBericht>
		<StUF:functie>vtMeldingDi01</StUF:functie>
	</JZ:stuurgegevens>
	<JZ:object StUF:entiteittype="VTM">
		<JZ:identificatieVtMelding>TestvtMelding001</JZ:identificatieVtMelding>
		<JZ:datumMelding>20190712</JZ:datumMelding>
		<JZ:datumIncident>20190706</JZ:datumIncident>
		<JZ:locatieIncident>Leenderbos Leende</JZ:locatieIncident>
		<JZ:omschrijvingIncident>Omschrijving</JZ:omschrijvingIncident>
		<JZ:indicatieAgenderingAfstemmingsoverlegGewenst>Ja</JZ:indicatieAgenderingAfstemmingsoverlegGewenst>
		<JZ:contactgegevensVerdiepingOpInfo>
			<JZ:naamContactpersoon>Jan Jansen</JZ:naamContactpersoon>
			<JZ:afdeling>Bosbeheer</JZ:afdeling>
			<JZ:eMail>jan.jansen@bosbeheer.nl</JZ:eMail>
			<JZ:eMail>jjans32@gmail.com</JZ:eMail>
			<JZ:telefoonnummer>0612345678</JZ:telefoonnummer>
			<JZ:telefoonnummer>0401234567</JZ:telefoonnummer>
		</JZ:contactgegevensVerdiepingOpInfo>
		<JZ:betreft StUF:entiteittype="VTMZOS">
			<JZ:gerelateerde StUF:entiteittype="ZOS">
				<JZ:omschrijvingZorgelijkeSituatie>Omschrijving ZS</JZ:omschrijvingZorgelijkeSituatie>
				<JZ:relevanteRegistratie>Registratie-Z</JZ:relevanteRegistratie>
				<JZ:relevanteRegistratie>Registratie-Y</JZ:relevanteRegistratie>
				<JZ:aanvullendeInformatie>sdfjh sdfjhsdfh sdfkhsdj</JZ:aanvullendeInformatie>
				<JZ:bestaandeHulpverlening>MEE</JZ:bestaandeHulpverlening>
				<JZ:tijdelijkHuisverbod>lww dlksa dlas</JZ:tijdelijkHuisverbod>
				<JZ:aanhouding>Ja</JZ:aanhouding>
				<JZ:aangifte>Ja</JZ:aangifte>
				<JZ:eergerelateerdGeweld>Nee</JZ:eergerelateerdGeweld>
				<JZ:heeftBetrokken StUF:entiteittype="ZOSNPS">
					<JZ:gerelateerde StUF:entiteittype="NPS">
						<BG:inp.bsn>012345678</BG:inp.bsn>
						<BG:geslachtsnaam>Aerts</BG:geslachtsnaam>
						<BG:voorvoegselGeslachtsnaam StUF:noValue="geenWaarde"/>
						<BG:voornamen>Jorinde</BG:voornamen>
						<BG:geslachtsaanduiding>V</BG:geslachtsaanduiding>
						<BG:geboortedatum StUF:indOnvolledigeDatum="V">19870523</BG:geboortedatum>
						<BG:sub.telefoonnummer>040-0987654</BG:sub.telefoonnummer>
						<BG:nationaliteit>nl</BG:nationaliteit>
						<BG:taal>Nederlands</BG:taal>
						<BG:formeelVerblijfadresBinnenland>
							<BG:wpl.woonplaatsNaam>Heeze-Leende</BG:wpl.woonplaatsNaam>
							<BG:gor.openbareRuimteNaam>Markt</BG:gor.openbareRuimteNaam>
							<BG:aoa.postcode>1122BG</BG:aoa.postcode>
							<BG:aoa.huisnummer>11</BG:aoa.huisnummer>
							<BG:aoa.huisletter StUF:noValue="geenWaarde" xsi:nil="true"/>
							<BG:aoa.huisnummertoevoeging StUF:noValue="geenWaarde"/>
						</BG:formeelVerblijfadresBinnenland>
						<BG:feitelijkVerblijfsadresBinnenland>
							<BG:wpl.woonplaatsNaam>Valkenswaard</BG:wpl.woonplaatsNaam>
							<BG:gor.openbareRuimteNaam>Markt</BG:gor.openbareRuimteNaam>
							<BG:aoa.postcode>5551AA</BG:aoa.postcode>
							<BG:aoa.huisnummer>34</BG:aoa.huisnummer>
							<BG:aoa.huisletter>a</BG:aoa.huisletter>
							<BG:aoa.huisnummertoevoeging StUF:noValue="geenWaarde"/>
						</BG:feitelijkVerblijfsadresBinnenland>
						<BG:staatInRelatieTot StUF:entiteittype="NPSNPSSIR">
							<BG:gerelateerde StUF:entiteittype="NPS">
								<BG:vreemdelingennummer>102345678SR342</BG:vreemdelingennummer>
							</BG:gerelateerde>
							<BG:omschrijvingSocialeRelatie>lksad salkdsal</BG:omschrijvingSocialeRelatie>
						</BG:staatInRelatieTot>
					</JZ:gerelateerde>
					<JZ:jeugzorgrol>pleegouder</JZ:jeugzorgrol>
				</JZ:heeftBetrokken>
				<JZ:heeftBetrokken StUF:entiteittype="ZOSNPS">
					<JZ:gerelateerde StUF:entiteittype="NPS">
						<BG:geslachtsnaam>Boranovic</BG:geslachtsnaam>
						<BG:voorvoegselGeslachtsnaam StUF:noValue="geenWaarde"/>
						<BG:voornamen>Boran</BG:voornamen>
						<BG:geslachtsaanduiding>M</BG:geslachtsaanduiding>
						<BG:geboortedatum StUF:indOnvolledigeDatum="V">19760828</BG:geboortedatum>
						<BG:sub.telefoonnummer>040-3453421</BG:sub.telefoonnummer>
						<BG:vreemdelingennummer>102345678SR342</BG:vreemdelingennummer>
						<BG:nationaliteit>nl</BG:nationaliteit>
						<BG:taal>Nederlands</BG:taal>
						<BG:formeelVerblijfadresBinnenland>
							<BG:wpl.woonplaatsNaam>Eindhoven</BG:wpl.woonplaatsNaam>
							<BG:gor.openbareRuimteNaam>Markt</BG:gor.openbareRuimteNaam>
							<BG:aoa.postcode>5665FR</BG:aoa.postcode>
							<BG:aoa.huisnummer>7</BG:aoa.huisnummer>
						</BG:formeelVerblijfadresBinnenland>
						<BG:feitelijkVerblijfsadresBinnenland>
							<BG:wpl.woonplaatsNaam>Eindhoven</BG:wpl.woonplaatsNaam>
							<BG:gor.openbareRuimteNaam>Markt</BG:gor.openbareRuimteNaam>
							<BG:aoa.postcode>5665FR</BG:aoa.postcode>
							<BG:aoa.huisnummer>7</BG:aoa.huisnummer>
						</BG:feitelijkVerblijfsadresBinnenland>
					</JZ:gerelateerde>
					<JZ:jeugzorgrol>overige professional</JZ:jeugzorgrol>
					<JZ:aanvullendeInformatieBetrokkenPersoon>asdh asjdh ashd lkashd</JZ:aanvullendeInformatieBetrokkenPersoon>
					<JZ:overigeZorgMinderjarige>kjsh sdljsa dlas dlas ldas</JZ:overigeZorgMinderjarige>
				</JZ:heeftBetrokken>
			</JZ:gerelateerde>
		</JZ:betreft>
		<JZ:isGeinformeerdAan StUF:entiteittype="VTMNPS">
			<JZ:gerelateerde StUF:entiteittype="NPS">
				<BG:geslachtsnaam>Boranovic</BG:geslachtsnaam>
				<BG:voornamen>Boran</BG:voornamen>
			</JZ:gerelateerde>
			<JZ:wijzeVanInformering>telefonisch</JZ:wijzeVanInformering>
			<JZ:indicatieGereageerd>Ja</JZ:indicatieGereageerd>
			<JZ:strekkingReactie>Geen interesse</JZ:strekkingReactie>
			<JZ:datumGeinformeerd>20190710</JZ:datumGeinformeerd>
		</JZ:isGeinformeerdAan>
		<JZ:isIngediendDoor StUF:entiteittype="VTMBTR">
			<JZ:gerelateerde StUF:entiteittype="BTR">
				<ZKN:instantiecode>OUR45326</ZKN:instantiecode>
			</JZ:gerelateerde>
		</JZ:isIngediendDoor>
	</JZ:object>
</JZ:vtMeldingDi01>
