<?xml version="1.0" encoding="UTF-8"?>
<!--Sample XML file generated by XMLSpy v2019 rel. 3 sp1 (x64) (http://www.altova.com)-->
<JZ:vtTerugkoppelingDi01 xmlns:StUF="http://www.egem.nl/StUF/StUF0301" xmlns:BG="http://www.egem.nl/StUF/sector/bg/0310" xmlns:ZKN="http://www.egem.nl/StUF/sector/zkn/0310" xmlns:xsi="http://www.w3.org/2001/XMLSchema-instance" xmlns:JZ="http://www.stufstandaarden.nl/koppelvlak/jz0100" xsi:schemaLocation="http://www.stufstandaarden.nl/koppelvlak/jz0100 jz0100_msg_vtberichten.xsd">
	<JZ:stuurgegevens>
		<StUF:berichtcode>Di01</StUF:berichtcode>
		<StUF:zender>
			<StUF:organisatie>[OIN nummer BJAA, Jeugdhulpverlener]</StUF:organisatie>
			<StUF:applicatie>[Applicatie BJAA, Jeugdhulpverlener]</StUF:applicatie>
			<StUF:administratie>[Administratie BJAA, Jeugdhulpverlener]</StUF:administratie>
		</StUF:zender>
		<StUF:ontvanger>
			<StUF:organisatie>[OIN nummer RvdK]</StUF:organisatie>
			<StUF:applicatie>[Applicatie Rvdk]</StUF:applicatie>
			<StUF:administratie>[Administratie RvdK]</StUF:administratie>
		</StUF:ontvanger>
		<StUF:referentienummer>[referentienummer]</StUF:referentienummer>
		<StUF:tijdstipBericht>201404101600</StUF:tijdstipBericht>
		<StUF:functie>vtTerugkoppelingDi01</StUF:functie>
	</JZ:stuurgegevens>
	<JZ:object StUF:entiteittype="ZAK">
		<ZKN:identificatie>12376723-213213</ZKN:identificatie>
		<ZKN:toelichting>ksdh sdkhaskd aksjdhkjash dhasdaskdhaskjd asd</ZKN:toelichting>
		<ZKN:uitkomst>geen vervolgstappen nodig</ZKN:uitkomst>
		<ZKN:naarAanleidingVan StUF:entiteittype="ZAKVTM">
			<ZKN:gerelateerde StUF:entiteittype="VTM">
				<JZ:identificatieVtMelding>String</JZ:identificatieVtMelding>
				<JZ:betreft StUF:entiteittype="VTMZOS">
					<JZ:gerelateerde StUF:entiteittype="ZOS">
						<JZ:contactgegevensVerantwoordelijkeOrganisatie>
							<JZ:naamContactpersoon>Gerrit Grit</JZ:naamContactpersoon>
							<JZ:afdeling>Jeugdzorg</JZ:afdeling>
							<JZ:eMail>ggrt@jz.nl</JZ:eMail>
							<JZ:eMail>g.grit@gmail.com</JZ:eMail>	
							<JZ:telefoonnummer>0691827364</JZ:telefoonnummer>					
						</JZ:contactgegevensVerantwoordelijkeOrganisatie>
						<JZ:verantwoordelijkVoorZichtOpDeVeiligheidBelegdBij StUF:entiteittype="ZOSBTR">
							<JZ:gerelateerde StUF:entiteittype="BTR">
								<ZKN:vestiging StUF:entiteittype="VES">
									<BG:vestigingsNummer>123456789098</BG:vestigingsNummer>
								</ZKN:vestiging>
							</JZ:gerelateerde>
						</JZ:verantwoordelijkVoorZichtOpDeVeiligheidBelegdBij>
					</JZ:gerelateerde>
				</JZ:betreft>
			</ZKN:gerelateerde>
		</ZKN:naarAanleidingVan>
		<ZKN:isUitgevoerdDoor StUF:entiteittype="ZAKBTR">
			<ZKN:gerelateerde StUF:entiteittype="BTR">
				<ZKN:maatschappelijkeActiviteit StUF:entiteittype="MAC">
					<BG:kvkNummer>88884444</BG:kvkNummer>
				</ZKN:maatschappelijkeActiviteit>
			</ZKN:gerelateerde>
		</ZKN:isUitgevoerdDoor>
	</JZ:object>
</JZ:vtTerugkoppelingDi01>
