<?xml version="1.0" encoding="UTF-8"?>
<rpsLv01 xmlns:StUF="http://www.egem.nl/StUF/StUF0301" xmlns="http://www.egem.nl/StUF/sector/bg/0310">
	<stuurgegevens>
		<StUF:berichtcode>Lv01</StUF:berichtcode>
		<StUF:entiteittype>RPS</StUF:entiteittype>
	</stuurgegevens>
	<parameters>
		<StUF:sortering>1</StUF:sortering>
		<StUF:indicatorVervolgvraag>false</StUF:indicatorVervolgvraag>
	</parameters>
	<gelijk StUF:entiteittype="RPS">
		<adresNederland>
			<postcode>5115XN</postcode>
			<aoa.huisnummer>19</aoa.huisnummer>
		</adresNederland>
	</gelijk>
	<scope>
		<object>
			<natuurlijkPersoon StUF:entiteittype="NPS">
				<inp.bsn xsi:nil="true"/>
				<geslachtsnaam xsi:nil="true"/>
				<voorletters xsi:nil="true"/>
				<inp.verblijftIn StUF:entiteittype="NPSTGO">
					<gerelateerde StUF:entiteittype="TGO">
						<adresAanduidingGrp>
							<wpl.woonplaatsNaam xsi:nil="true"/>
							<aoa.postcode xsi:nil="true"/>
							<aoa.huisnummer xsi:nil="true"/>
							<aoa.huisletter xsi:nil="true"/>
							<aoa.huisnummertoevoeging xsi:nil="true"/>
						</adresAanduidingGrp>
					</gerelateerde>
				</inp.verblijftIn>
			</natuurlijkPersoon>
			<nietNatuurlijkPersoon StUF:entiteittype="NNP">
				<inn.nnpId xsi:nil="true"/>
				<statutaireNaam xsi:nil="true"/>
				<sub.correspondentieAdres>
					<wpl.woonplaatsNaam xsi:nil="true"/>
					<postcode xsi:nil="true"/>
					<aoa.huisnummer xsi:nil="true"/>
					<aoa.huisletter xsi:nil="true"/>
					<aoa.huisnummertoevoeging xsi:nil="true"/>
				</sub.correspondentieAdres>
			</nietNatuurlijkPersoon>
		</object>
	</scope>
</rpsLv01>
