<?xml version="1.0" encoding="UTF-8"?>
<rpsLa01 xmlns:StUF="http://www.egem.nl/StUF/StUF0301" xmlns="http://www.egem.nl/StUF/sector/bg/0310">
	<stuurgegevens>
		<StUF:berichtcode>La01</StUF:berichtcode>
		<StUF:entiteittype>RPS</StUF:entiteittype>
	</stuurgegevens>
	<parameters>
		<StUF:indicatorVervolgvraag>false</StUF:indicatorVervolgvraag>
	</parameters>
	<antwoord>
		<object>
			<natuurlijkPersoon StUF:entiteittype="NPS">
				<inp.bsn>123456789</inp.bsn>
				<geslachtsnaam>Bergmans</geslachtsnaam>
				<inp.verblijftIn StUF:entiteittype="NPSTGO">
					<gerelateerde StUF:entiteittype="TGO">
						<adresAanduidingGrp>
							<wpl.woonplaatsNaam>Eindhoven</wpl.woonplaatsNaam>
							<aoa.postcode>5115XN</aoa.postcode>
							<aoa.huisnummer>19</aoa.huisnummer>
							<aoa.huisletter xsi:nil="true" StUF:noValue="geenWaarde"/>
							<aoa.huisnummertoevoeging xsi:nil="true" StUF:noValue="geenWaarde"/>
						</adresAanduidingGrp>
					</gerelateerde>
				</inp.verblijftIn>
			</natuurlijkPersoon>
		</object>
		<object>
			<nietNatuurlijkPersoon StUF:entiteittype="NNP">
				<inn.nnpId>987654321</inn.nnpId>
				<statutaireNaam>Bergmans Reclame</statutaireNaam>
				<sub.correspondentieAdres>
					<wpl.woonplaatsNaam>Eindhoven</wpl.woonplaatsNaam>
					<postcode>5115XN</postcode>
					<aoa.huisnummer>19</aoa.huisnummer>
					<aoa.huisletter xsi:nil="true" StUF:noValue="geenWaarde"/>
					<aoa.huisnummertoevoeging xsi:nil="true" StUF:noValue="geenWaarde"/>
				</sub.correspondentieAdres>
			</nietNatuurlijkPersoon>
		</object>
	</antwoord>
</rpsLa01>
