<?xml version="1.0" encoding="UTF-8"?>
<npsLa07 xmlns:StUF="http://www.egem.nl/StUF/StUF0301" xmlns="http://www.egem.nl/StUF/sector/bg/0310">
	<stuurgegevens>
		<StUF:berichtcode>La07</StUF:berichtcode>
		<StUF:entiteittype>NPS</StUF:entiteittype>
	</stuurgegevens>
	<parameters>
		<StUF:indicatorVervolgvraag>false</StUF:indicatorVervolgvraag>
	</parameters>
	<antwoord>
<object StUF:entiteittype="NPS">
	<inp.bsn>123456789</inp.bsn>
	<geslachtsnaam>Bergmans</geslachtsnaam>
	<voorletters>J</voorletters>
	<voornamen>Johan</voornamen>
	<geboortedatum>19651222</geboortedatum>
	<inp.geboorteplaats>Maarn</inp.geboorteplaats>
	<inp.verblijftIn StUF:entiteittype="NPSTGO">
		<gerelateerde StUF:entiteittype="TGO">
			..(correcte adres)...
			<!--<adresAanduidingGrp>
				<wpl.woonplaatsNaam>Eindhoven</wpl.woonplaatsNaam>
				<gor.straatnaam>Donk</gor.straatnaam>
				<aoa.postcode>5612BJ</aoa.postcode>
				<aoa.huisnummer>12</aoa.huisnummer>
			</adresAanduidingGrp>-->
		</gerelateerde>
		<brondocument StUF:metagegeven="true">
			<identificatie>123</identificatie>
			<datum>19870710</datum>
		</brondocument>
		<StUF:tijdvakRelatie>
			<StUF:beginRelatie>19870706</StUF:beginRelatie>
			<StUF:eindRelatie xsi:nil="true" StUF:noValue="geenWaarde"/>
		</StUF:tijdvakRelatie>
		<StUF:tijdvakGeldigheid>
			<StUF:beginGeldigheid>19870829</StUF:beginGeldigheid>
			<StUF:eindGeldigheid xsi:nil="true" StUF:noValue="geenWaarde"/>
		</StUF:tijdvakGeldigheid>
		<historieMaterieel>
			<inOnderzoek StUF:metagegeven="true" xsi:nil="true" StUF:noValue="geenWaarde"/>
			<StUF:tijdvakGeldigheid>
				<StUF:beginGeldigheid>19870706</StUF:beginGeldigheid>
				<StUF:eindGeldigheid>19870806</StUF:eindGeldigheid>
			</StUF:tijdvakGeldigheid>
		</historieMaterieel>
		<historieFormeelRelatie>
			<gerelateerde xsi:nil="true" StUF:entiteittype="TGO">
				..(foutieve adres)..
				<!--<adresAanduidingGrp>
					<wpl.woonplaatsNaam>Nuenen</wpl.woonplaatsNaam>
					<aoa.postcode>5654BX</aoa.postcode>
					<aoa.huisnummer>32</aoa.huisnummer>
				</adresAanduidingGrp>-->
			</gerelateerde>
			<inOnderzoek StUF:metagegeven="true">J</inOnderzoek>
			<brondocument StUF:metagegeven="true">
				<identificatie>456</identificatie>
				<datum>19870802</datum>
			</brondocument>
			<StUF:tijdvakRelatie>
				<StUF:beginRelatie>19870706</StUF:beginRelatie>
				<StUF:eindRelatie>19870706</StUF:eindRelatie>
			</StUF:tijdvakRelatie>
			<StUF:tijdvakGeldigheid>
				<StUF:beginGeldigheid>19870806</StUF:beginGeldigheid>
				<StUF:eindGeldigheid>19870829</StUF:eindGeldigheid>
			</StUF:tijdvakGeldigheid>
			<StUF:tijdstipRegistratie>19900401</StUF:tijdstipRegistratie>
		</historieFormeelRelatie>
	</inp.verblijftIn>
	<brondocument StUF:metagegeven="true" groepsnaam="Persoonsgegevens">
		<identificatie>789</identificatie>
		<datum>19871002</datum>
	</brondocument>
	<brondocument StUF:metagegeven="true" groepsnaam="Persoonsgegevens">
		<identificatie>432</identificatie>
		<datum>19651227</datum>
	</brondocument>
	<brondocument StUF:metagegeven="true" groepsnaam="Persoonsgegevens">
		<identificatie>864</identificatie>
		<datum>19900404</datum>
	</brondocument>
	<StUF:tijdvakGeldigheid>
		<StUF:beginGeldigheid>19900404</StUF:beginGeldigheid>
		<StUF:eindGeldigheid xsi:nil="true" StUF:noValue="geenWaarde"/>
	</StUF:tijdvakGeldigheid>
	<historieMaterieel>
		<geslachtsnaam>Poepenstaart</geslachtsnaam>
		<voornamen>Johan</voornamen>
		<brondocument StUF:metagegeven="true" groepsnaam="Persoonsgegevens">
			<identificatie>432</identificatie>
			<datum>19651227</datum>
		</brondocument>
		<StUF:tijdvakGeldigheid>
			<StUF:beginGeldigheid>19871002</StUF:beginGeldigheid>
			<StUF:eindGeldigheid>19900404</StUF:eindGeldigheid>
		</StUF:tijdvakGeldigheid>
	</historieMaterieel>
	<historieMaterieel>
		<inp.bsn>987654321</inp.bsn>
		<inOnderzoek StUF:metagegeven="true" groepsnaam="Persoonsgegevens">J</inOnderzoek>
		<brondocument StUF:metagegeven="true" groepsnaam="Persoonsgegevens">
			<identificatie>234</identificatie>
			<datum>19871002</datum>
		</brondocument>
		<StUF:tijdvakGeldigheid>
			<StUF:beginGeldigheid>19870708</StUF:beginGeldigheid>
			<StUF:eindGeldigheid>19871002</StUF:eindGeldigheid>
		</StUF:tijdvakGeldigheid>
	</historieMaterieel>
	<historieMaterieel>
		<inOnderzoek StUF:metagegeven="true" groepsnaam="Persoonsgegevens" xsi:nil="true" StUF:noValue="geenWaarde"/>
		<StUF:tijdvakGeldigheid>
			<StUF:beginGeldigheid>19651222</StUF:beginGeldigheid>
			<StUF:eindGeldigheid>19870708</StUF:eindGeldigheid>
		</StUF:tijdvakGeldigheid>
	</historieMaterieel>
</object>	</antwoord>
</npsLa07>
