<?xml version="1.0" encoding="UTF-8"?>
<npsLa07 xmlns:StUF="http://www.egem.nl/StUF/StUF0301" xmlns="http://www.egem.nl/StUF/sector/bg/0310">
	<stuurgegevens>
		<StUF:berichtcode>La07</StUF:berichtcode>
		<StUF:entiteittype>NPS</StUF:entiteittype>
	</stuurgegevens>
	<parameters>
		<StUF:indicatorVervolgvraag>false</StUF:indicatorVervolgvraag>
	</parameters>
	<antwoord>
<object StUF:entiteittype="NPS"> [60]
	<geslachtsnaam>Broek</geslachtsnaam>
	<voorvoegselGeslachtsnaam>van den</voorvoegselGeslachtsnaam>
	<voorletters>JP</voorletters>
	<geboortedatum>19770807</geboortedatum>
	<inp.verblijftIn StUF:entiteittype="NPSTGO"> [170]
		<gerelateerde StUF:entiteittype="TGO">
			<adresAanduidingGrp>
				<wpl.woonplaatsNaam>Eindhoven</wpl.woonplaatsNaam>
				<gor.straatnaam>Donk</gor.straatnaam>
				<aoa.postcode>5612BJ</aoa.postcode>
				<aoa.huisnummer>12</aoa.huisnummer>
			</adresAanduidingGrp>
		</gerelateerde>
		<StUF:tijdvakRelatie>
			<StUF:beginRelatie>20060601</StUF:beginRelatie>
			<StUF:eindRelatie xsi:nil="true" StUF:noValue="geenWaarde"/>
		</StUF:tijdvakRelatie>
		<StUF:tijdstipRegistratie>20050612</StUF:tijdstipRegistratie>
	</inp.verblijftIn>
	<inp.verblijftIn StUF:entiteittype="NPSTGO"> [150]
		<gerelateerde StUF:entiteittype="TGO">
			<adresAanduidingGrp>
				<wpl.woonplaatsNaam>Nuenen</wpl.woonplaatsNaam>
				<gor.straatnaam>Vallestap</gor.straatnaam>
				<aoa.postcode>5654BX</aoa.postcode>
				<aoa.huisnummer>33</aoa.huisnummer>
			</adresAanduidingGrp>
		</gerelateerde>
		<StUF:tijdvakRelatie>
			<StUF:beginRelatie>19991108</StUF:beginRelatie>
			<StUF:eindRelatie>20060601</StUF:eindRelatie>
		</StUF:tijdvakRelatie>
		<StUF:tijdstipRegistratie>19991208</StUF:tijdstipRegistratie>
		<historieFormeelRelatie>
			<gerelateerde StUF:entiteittype="TGO"> [130]
				<adresAanduidingGrp>
					<wpl.woonplaatsNaam>Nuenen</wpl.woonplaatsNaam>
					<aoa.postcode>5654BX</aoa.postcode>
					<aoa.huisnummer>32</aoa.huisnummer>
				</adresAanduidingGrp>
			</gerelateerde>
			<StUF:tijdvakRelatie>
				<StUF:beginRelatie>19991108</StUF:beginRelatie>
				<StUF:eindRelatie xsi:nil="true" StUF:noValue="geenWaarde"/>
			</StUF:tijdvakRelatie>
			<StUF:tijdvakGeldigheid>
				<StUF:beginGeldigheid>19991108</StUF:beginGeldigheid>
				<StUF:eindGeldigheid xsi:nil="true" StUF:noValue="geenWaarde"/>
			</StUF:tijdvakGeldigheid>
			<StUF:tijdstipRegistratie>19991112</StUF:tijdstipRegistratie>
		</historieFormeelRelatie>
	</inp.verblijftIn>
	<inp.verblijftIn StUF:entiteittype="NPSTGO"> [123]
		<gerelateerde StUF:entiteittype="TGO">
			<adresAanduidingGrp>
				<wpl.woonplaatsNaam>Nuenen</wpl.woonplaatsNaam>
				<gor.straatnaam>Beatrixstraat</gor.straatnaam>
				<aoa.postcode>5686AF</aoa.postcode>
				<aoa.huisnummer>125</aoa.huisnummer>
			</adresAanduidingGrp>
		</gerelateerde>
		<StUF:tijdvakRelatie>
			<StUF:beginRelatie>19770708</StUF:beginRelatie>
			<StUF:eindRelatie>19991108</StUF:eindRelatie>
		</StUF:tijdvakRelatie>
		<StUF:tijdstipRegistratie>19770815</StUF:tijdstipRegistratie>
	</inp.verblijftIn>
	<inp.burgerlijkeStaat>2</inp.burgerlijkeStaat>
	<StUF:tijdvakGeldigheid>
		<StUF:beginGeldigheid>20080301</StUF:beginGeldigheid>
		<StUF:eindGeldigheid xsi:nil="true" StUF:noValue="geenWaarde"/>
	</StUF:tijdvakGeldigheid>
	<StUF:tijdstipRegistratie>20080307</StUF:tijdstipRegistratie>
	<historieMaterieel> [80]
		<geslachtsnaam>Werff</geslachtsnaam>
		<StUF:tijdvakGeldigheid>
			<StUF:beginGeldigheid>20070301</StUF:beginGeldigheid>
			<StUF:eindGeldigheid>20080301</StUF:eindGeldigheid>
		</StUF:tijdvakGeldigheid>
		<StUF:tijdstipRegistratie>20080613</StUF:tijdstipRegistratie>
		<historieFormeel> [50]
			<geslachtsnaam>Bergh</geslachtsnaam>
			<StUF:tijdvakGeldigheid>
				<StUF:beginGeldigheid>20050423</StUF:beginGeldigheid>
				<StUF:eindGeldigheid>20080301</StUF:eindGeldigheid>
			</StUF:tijdvakGeldigheid>
			<StUF:tijdstipRegistratie>20050425</StUF:tijdstipRegistratie>
		</historieFormeel>
	</historieMaterieel>
	<historieMaterieel> [70]
		<geslachtsnaam>Bergh</geslachtsnaam>
		<StUF:tijdvakGeldigheid>
			<StUF:beginGeldigheid>20050423</StUF:beginGeldigheid>
			<StUF:eindGeldigheid>20070301</StUF:eindGeldigheid>
		</StUF:tijdvakGeldigheid>
		<StUF:tijdstipRegistratie>20080613</StUF:tijdstipRegistratie>
		<historieFormeel> [50]
			<StUF:tijdvakGeldigheid>
				<StUF:beginGeldigheid>20050423</StUF:beginGeldigheid>
				<StUF:eindGeldigheid>20080301</StUF:eindGeldigheid>
			</StUF:tijdvakGeldigheid>
			<StUF:tijdstipRegistratie>20050425</StUF:tijdstipRegistratie>
		</historieFormeel>
	</historieMaterieel>
	<historieMaterieel> [40]
		<inp.burgerlijkeStaat>1</inp.burgerlijkeStaat>
		<StUF:tijdvakGeldigheid>
			<StUF:beginGeldigheid>20010903</StUF:beginGeldigheid>
			<StUF:eindGeldigheid>20050423</StUF:eindGeldigheid>
		</StUF:tijdvakGeldigheid>
		<StUF:tijdstipRegistratie>20021007</StUF:tijdstipRegistratie>
		<historieFormeel> [30]
			<StUF:tijdvakGeldigheid>
				<StUF:beginGeldigheid>20010905</StUF:beginGeldigheid>
				<StUF:eindGeldigheid xsi:nil="true" StUF:noValue="geenWaarde"/>
			</StUF:tijdvakGeldigheid>
			<StUF:tijdstipRegistratie>20011206</StUF:tijdstipRegistratie>
			<historieFormeel> [20]
				<geslachtsnaam>Berg</geslachtsnaam>
				<StUF:tijdvakGeldigheid>
					<StUF:beginGeldigheid>20010905</StUF:beginGeldigheid>
					<StUF:eindGeldigheid xsi:nil="true" StUF:noValue="geenWaarde"/>
				</StUF:tijdvakGeldigheid>
				<StUF:tijdstipRegistratie>20011102</StUF:tijdstipRegistratie>
				<historieFormeel> [10]
					<voorvoegselGeslachtsnaam>van der</voorvoegselGeslachtsnaam>
					<StUF:tijdvakGeldigheid>
						<StUF:beginGeldigheid>20010905</StUF:beginGeldigheid>
						<StUF:eindGeldigheid xsi:nil="true" StUF:noValue="geenWaarde"/>
					</StUF:tijdvakGeldigheid>
					<StUF:tijdstipRegistratie>20010910</StUF:tijdstipRegistratie>
				</historieFormeel>
			</historieFormeel>
		</historieFormeel>
		<historieFormeel>
			<geslachtsnaam>Poepenstaart</geslachtsnaam>
			<voorvoegselGeslachtsnaam xsi:nil="true" StUF:noValue="geenWaarde"/>
			<StUF:tijdvakGeldigheid>
				<StUF:beginGeldigheid>19770807</StUF:beginGeldigheid>
				<StUF:eindGeldigheid>20010905</StUF:eindGeldigheid>
			</StUF:tijdvakGeldigheid>
			<StUF:tijdstipRegistratie>19970815</StUF:tijdstipRegistratie>
		</historieFormeel>
	</historieMaterieel>
	<historieMaterieel> [35]
		<geslachtsnaam>Poepenstaart</geslachtsnaam>
		<voorvoegselGeslachtsnaam xsi:nil="true" StUF:noValue="geenWaarde"/>
		<StUF:tijdvakGeldigheid>
			<StUF:beginGeldigheid>19770807</StUF:beginGeldigheid>
			<StUF:eindGeldigheid>20010903</StUF:eindGeldigheid>
		</StUF:tijdvakGeldigheid>
		<StUF:tijdstipRegistratie>19770815</StUF:tijdstipRegistratie>
		<historieFormeel> [1]
			<StUF:tijdvakGeldigheid>
				<StUF:beginGeldigheid>19770807</StUF:beginGeldigheid>
				<StUF:eindGeldigheid>20010905</StUF:eindGeldigheid>
			</StUF:tijdvakGeldigheid>
			<StUF:tijdstipRegistratie>19770815</StUF:tijdstipRegistratie>
		</historieFormeel>
	</historieMaterieel>
	<historieFormeel> [50]
		<geslachtsnaam>Bergh</geslachtsnaam>
		<StUF:tijdvakGeldigheid>
			<StUF:beginGeldigheid>20050423</StUF:beginGeldigheid>
			<StUF:eindGeldigheid xsi:nil="true" StUF:noValue="geenWaarde"/>
		</StUF:tijdvakGeldigheid>
		<StUF:tijdstipRegistratie>20050425</StUF:tijdstipRegistratie>
	</historieFormeel>
</object>
	</antwoord>
</npsLa07>
