<?xml version="1.0" encoding="UTF-8"?>
<npsLa07 xmlns:StUF="http://www.egem.nl/StUF/StUF0301" xmlns="http://www.egem.nl/StUF/sector/bg/0310">
	<stuurgegevens>
		<StUF:berichtcode>La07</StUF:berichtcode>
		<StUF:entiteittype>NPS</StUF:entiteittype>
	</stuurgegevens>
	<parameters>
		<StUF:indicatorVervolgvraag>false</StUF:indicatorVervolgvraag>
	</parameters>
	<antwoord>
<object StUF:entiteittype="NPS">
	<naamGrp>
		<geslachtsnaam>Bergh</geslachtsnaam>
		<voorvoegselsGeslachtsnaam>van den</voorvoegselsGeslachtsnaam>
		<voorletters>JP</voorletters>
		<StUF:tijdvakGeldigheid>
			<StUF:beginGeldigheid>20010903</StUF:beginGeldigheid>
			<StUF:eindGeldigheid xsi:nil="true" StUF:noValue="geenWaarde"/>
		</StUF:tijdvakGeldigheid>
		<StUF:tijdstipRegistratie>20021007</StUF:tijdstipRegistratie>
		<historieFormeel>
			<geslachtsnaam>Bergh</geslachtsnaam>
			<voorvoegselsGeslachtsnaam>van den</voorvoegselsGeslachtsnaam>
			<voorletters>JP</voorletters>
			<StUF:tijdvakGeldigheid>
				<StUF:beginGeldigheid>20010905</StUF:beginGeldigheid>
				<StUF:eindGeldigheid xsi:nil="true" StUF:noValue="geenWaarde"/>
			</StUF:tijdvakGeldigheid>
			<StUF:tijdstipRegistratie>20011206</StUF:tijdstipRegistratie>
			<historieFormeel>
				<geslachtsnaam>Berg</geslachtsnaam>
				<voorvoegselsGeslachtsnaam>van den</voorvoegselsGeslachtsnaam>
				<voorletters>JP</voorletters>
				<StUF:tijdvakGeldigheid>
					<StUF:beginGeldigheid>20010905</StUF:beginGeldigheid>
					<StUF:eindGeldigheid xsi:nil="true" StUF:noValue="geenWaarde"/>
				</StUF:tijdvakGeldigheid>
				<StUF:tijdstipRegistratie>20011102</StUF:tijdstipRegistratie>
				<historieFormeel>
					<geslachtsnaam>Berg</geslachtsnaam>
					<voorvoegselsGeslachtsnaam>van der</voorvoegselsGeslachtsnaam>
					<voorletters>JP</voorletters>
					<StUF:tijdvakGeldigheid>
						<StUF:beginGeldigheid>20010905</StUF:beginGeldigheid>
						<StUF:eindGeldigheid xsi:nil="true" StUF:noValue="geenWaarde"/>
					</StUF:tijdvakGeldigheid>
					<StUF:tijdstipRegistratie>20010910</StUF:tijdstipRegistratie>
				</historieFormeel>
			</historieFormeel>
		</historieFormeel>
		<historieMaterieel>
			<geslachtsnaam>Poepenstaart</geslachtsnaam>
			<voorvoegselsGeslachtsnaam xsi:nil="true" StUF:noValue="geenWaarde"/>
			<voorletters>JP</voorletters>
			<StUF:tijdvakGeldigheid>
				<StUF:beginGeldigheid>19770708</StUF:beginGeldigheid>
				<StUF:eindGeldigheid>20010903</StUF:eindGeldigheid>
			</StUF:tijdvakGeldigheid>
			<StUF:tijdstipRegistratie>20021007</StUF:tijdstipRegistratie>
			<historieFormeel>
				<geslachtsnaam>Poepenstaart</geslachtsnaam>
				<voorvoegselsGeslachtsnaam xsi:nil="true" StUF:noValue="geenWaarde"/>
				<voorletters>JP</voorletters>
				<StUF:tijdvakGeldigheid>
					<StUF:beginGeldigheid>19770708</StUF:beginGeldigheid>
					<StUF:eindGeldigheid>20010905</StUF:eindGeldigheid>
				</StUF:tijdvakGeldigheid>
				<StUF:tijdstipRegistratie>19770725</StUF:tijdstipRegistratie>
			</historieFormeel>
		</historieMaterieel>
	</naamGrp>
	<inp.burgerlijkeStaat>2</inp.burgerlijkeStaat>
	<geboortedatum>19770708</geboortedatum>
	<StUF:tijdvakGeldigheid>
		<StUF:beginGeldigheid>20050423</StUF:beginGeldigheid>
		<StUF:eindGeldigheid xsi:nil="true" StUF:noValue="geenWaarde"/>
	</StUF:tijdvakGeldigheid>
	<StUF:tijdstipRegistratie>20050504</StUF:tijdstipRegistratie>
	... (relaties)
	<historieMaterieel>
		<inp.burgerlijkeStaat>1</inp.burgerlijkeStaat>
		<geboortedatum>19770708</geboortedatum>
		<StUF:tijdvakGeldigheid>
			<StUF:beginGeldigheid>19770708</StUF:beginGeldigheid>
			<StUF:eindGeldigheid>20050423</StUF:eindGeldigheid>
		</StUF:tijdvakGeldigheid>
		<StUF:tijdstipRegistratie>19770725</StUF:tijdstipRegistratie>
	</historieMaterieel>
</object>
	</antwoord>
</npsLa07>
