<?xml version="1.0" encoding="UTF-8"?>
<npsLa03 xmlns:StUF="http://www.egem.nl/StUF/StUF0301" xmlns="http://www.egem.nl/StUF/sector/bg/0310">
	<stuurgegevens>
		<StUF:berichtcode>La03</StUF:berichtcode>
		<StUF:entiteittype>NPS</StUF:entiteittype>
	</stuurgegevens>
<parameters>
	<StUF:indicatorVervolgvraag>false</StUF:indicatorVervolgvraag>
	<StUF:peiltijdstipMaterieel>19991124</StUF:peiltijdstipMaterieel>
</parameters>
<antwoord>
	<object StUF:entiteittype="NPS">
		<geslachtsnaam>Poepenstaart</geslachtsnaam>
		<voorvoegselGeslachtsnaam xsi:nil="true" StUF:noValue="geenWaarde"/>
		<voorletters>JP</voorletters>
		<geboortedatum>19770708</geboortedatum>
		<verblijfsadres>
				<wpl.woonplaatsNaam>Nuenen</wpl.woonplaatsNaam>
				<gor.straatnaam>Vallestap</gor.straatnaam>
				<aoa.postcode>5654BX</aoa.postcode>
				<aoa.huisnummer>33</aoa.huisnummer>
		</verblijfsadres>
		<sub.telefoonnummer>0402835071</sub.telefoonnummer>
		<inp.burgerlijkeStaat>1</inp.burgerlijkeStaat>
	</object>
</antwoord>
</npsLa03>
