<?xml version="1.0" encoding="UTF-8"?>
<npsLa07 xmlns:StUF="http://www.egem.nl/StUF/StUF0301" xmlns="http://www.egem.nl/StUF/sector/bg/0310">
	<stuurgegevens>
		<StUF:berichtcode>La07</StUF:berichtcode>
		<StUF:entiteittype>NPS</StUF:entiteittype>
	</stuurgegevens>
<parameters>
	<StUF:indicatorVervolgvraag>false</StUF:indicatorVervolgvraag>
</parameters>
<antwoord>
<object StUF:entiteittype="NPS">
	<geslachtsnaam>Broek</geslachtsnaam>
	<voorvoegselGeslachtsnaam>van den</voorvoegselGeslachtsnaam>
	<voorletters>JP</voorletters>
	<geboortedatum>19770807</geboortedatum>
	<inp.burgerlijkeStaat>2</inp.burgerlijkeStaat>
	<StUF:eindGeldigheid xsi:nil="true" StUF:noValue="geenWaarde"/>
	<historieMaterieel>
		<geslachtsnaam>Werff</geslachtsnaam>
		<StUF:eindGeldigheid>20080301</StUF:eindGeldigheid>
	</historieMaterieel>
	<historieMaterieel>
		<geslachtsnaam>Bergh</geslachtsnaam>
		<StUF:eindGeldigheid>20070301</StUF:eindGeldigheid>
	</historieMaterieel>
	<historieMaterieel>
		<inp.burgerlijkeStaat>1</inp.burgerlijkeStaat>
		<StUF:eindGeldigheid>20050423</StUF:eindGeldigheid>
	</historieMaterieel>
	<historieMaterieel>
		<geslachtsnaam>Poepenstaart</geslachtsnaam>
		<voorvoegselsGeslachtsnaam xsi:nil="true" StUF:noValue="geenWaarde"/>
		<StUF:tijdvakGeldigheid>
			<StUF:beginGeldigheid>19770807</StUF:beginGeldigheid>
			<StUF:eindGeldigheid>20010903</StUF:eindGeldigheid>
		</StUF:tijdvakGeldigheid>
	</historieMaterieel>
</object></antwoord>
</npsLa07>
